{
	"credit": "Made with Blockbench",
	"textures": {
		"0": "Enhanced:item/amethyst_dagger",
		"particle": "Enhanced:item/amethyst_dagger"
	},
	"elements": [
		{
			"from": [13, 0, 0],
			"to": [14, 1, 1],
			"faces": {
				"north": {"uv": [2, 15, 3, 16], "texture": "#0"},
				"east": {"uv": [2, 15, 3, 16], "texture": "#0"},
				"south": {"uv": [2, 15, 3, 16], "texture": "#0"},
				"west": {"uv": [2, 15, 3, 16], "texture": "#0"},
				"up": {"uv": [2, 15, 3, 16], "texture": "#0"},
				"down": {"uv": [2, 15, 3, 16], "texture": "#0"}
			}
		},
		{
			"from": [14, 1, 0],
			"to": [15, 2, 1],
			"faces": {
				"north": {"uv": [1, 14, 2, 15], "texture": "#0"},
				"east": {"uv": [1, 14, 2, 15], "texture": "#0"},
				"south": {"uv": [1, 14, 2, 15], "texture": "#0"},
				"west": {"uv": [1, 14, 2, 15], "texture": "#0"},
				"up": {"uv": [1, 14, 2, 15], "texture": "#0"},
				"down": {"uv": [1, 14, 2, 15], "texture": "#0"}
			}
		},
		{
			"from": [14, 2, 0],
			"to": [15, 3, 1],
			"faces": {
				"north": {"uv": [1, 13, 2, 14], "texture": "#0"},
				"east": {"uv": [1, 13, 2, 14], "texture": "#0"},
				"south": {"uv": [1, 13, 2, 14], "texture": "#0"},
				"west": {"uv": [1, 13, 2, 14], "texture": "#0"},
				"up": {"uv": [1, 13, 2, 14], "texture": "#0"},
				"down": {"uv": [1, 13, 2, 14], "texture": "#0"}
			}
		},
		{
			"from": [13, 2, 0],
			"to": [14, 3, 1],
			"faces": {
				"north": {"uv": [2, 13, 3, 14], "texture": "#0"},
				"east": {"uv": [2, 13, 3, 14], "texture": "#0"},
				"south": {"uv": [2, 13, 3, 14], "texture": "#0"},
				"west": {"uv": [2, 13, 3, 14], "texture": "#0"},
				"up": {"uv": [2, 13, 3, 14], "texture": "#0"},
				"down": {"uv": [2, 13, 3, 14], "texture": "#0"}
			}
		},
		{
			"from": [13, 1, 0],
			"to": [14, 2, 1],
			"faces": {
				"north": {"uv": [2, 14, 3, 15], "texture": "#0"},
				"east": {"uv": [2, 14, 3, 15], "texture": "#0"},
				"south": {"uv": [2, 14, 3, 15], "texture": "#0"},
				"west": {"uv": [2, 14, 3, 15], "texture": "#0"},
				"up": {"uv": [2, 14, 3, 15], "texture": "#0"},
				"down": {"uv": [2, 14, 3, 15], "texture": "#0"}
			}
		},
		{
			"from": [12, 2, 0],
			"to": [13, 3, 1],
			"faces": {
				"north": {"uv": [3, 13, 4, 14], "texture": "#0"},
				"east": {"uv": [3, 13, 4, 14], "texture": "#0"},
				"south": {"uv": [3, 13, 4, 14], "texture": "#0"},
				"west": {"uv": [3, 13, 4, 14], "texture": "#0"},
				"up": {"uv": [3, 13, 4, 14], "texture": "#0"},
				"down": {"uv": [3, 13, 4, 14], "texture": "#0"}
			}
		},
		{
			"from": [12, 3, 0],
			"to": [13, 4, 1],
			"faces": {
				"north": {"uv": [3, 12, 4, 13], "texture": "#0"},
				"east": {"uv": [3, 12, 4, 13], "texture": "#0"},
				"south": {"uv": [3, 12, 4, 13], "texture": "#0"},
				"west": {"uv": [3, 12, 4, 13], "texture": "#0"},
				"up": {"uv": [3, 12, 4, 13], "texture": "#0"},
				"down": {"uv": [3, 12, 4, 13], "texture": "#0"}
			}
		},
		{
			"from": [13, 3, 0],
			"to": [14, 4, 1],
			"faces": {
				"north": {"uv": [2, 12, 3, 13], "texture": "#0"},
				"east": {"uv": [2, 12, 3, 13], "texture": "#0"},
				"south": {"uv": [2, 12, 3, 13], "texture": "#0"},
				"west": {"uv": [2, 12, 3, 13], "texture": "#0"},
				"up": {"uv": [2, 12, 3, 13], "texture": "#0"},
				"down": {"uv": [2, 12, 3, 13], "texture": "#0"}
			}
		},
		{
			"from": [11, 3, 0],
			"to": [12, 4, 1],
			"faces": {
				"north": {"uv": [4, 12, 5, 13], "texture": "#0"},
				"east": {"uv": [4, 12, 5, 13], "texture": "#0"},
				"south": {"uv": [4, 12, 5, 13], "texture": "#0"},
				"west": {"uv": [4, 12, 5, 13], "texture": "#0"},
				"up": {"uv": [4, 12, 5, 13], "texture": "#0"},
				"down": {"uv": [4, 12, 5, 13], "texture": "#0"}
			}
		},
		{
			"from": [11, 4, 0],
			"to": [12, 5, 1],
			"faces": {
				"north": {"uv": [4, 11, 5, 12], "texture": "#0"},
				"east": {"uv": [4, 11, 5, 12], "texture": "#0"},
				"south": {"uv": [4, 11, 5, 12], "texture": "#0"},
				"west": {"uv": [4, 11, 5, 12], "texture": "#0"},
				"up": {"uv": [4, 11, 5, 12], "texture": "#0"},
				"down": {"uv": [4, 11, 5, 12], "texture": "#0"}
			}
		},
		{
			"from": [12, 4, 0],
			"to": [13, 5, 1],
			"faces": {
				"north": {"uv": [3, 11, 4, 12], "texture": "#0"},
				"east": {"uv": [3, 11, 4, 12], "texture": "#0"},
				"south": {"uv": [3, 11, 4, 12], "texture": "#0"},
				"west": {"uv": [3, 11, 4, 12], "texture": "#0"},
				"up": {"uv": [3, 11, 4, 12], "texture": "#0"},
				"down": {"uv": [3, 11, 4, 12], "texture": "#0"}
			}
		},
		{
			"from": [10, 4, 0],
			"to": [11, 5, 1],
			"faces": {
				"north": {"uv": [5, 11, 6, 12], "texture": "#0"},
				"east": {"uv": [5, 11, 6, 12], "texture": "#0"},
				"south": {"uv": [5, 11, 6, 12], "texture": "#0"},
				"west": {"uv": [5, 11, 6, 12], "texture": "#0"},
				"up": {"uv": [5, 11, 6, 12], "texture": "#0"},
				"down": {"uv": [5, 11, 6, 12], "texture": "#0"}
			}
		},
		{
			"from": [10, 5, 0],
			"to": [11, 6, 1],
			"faces": {
				"north": {"uv": [5, 10, 6, 11], "texture": "#0"},
				"east": {"uv": [5, 10, 6, 11], "texture": "#0"},
				"south": {"uv": [5, 10, 6, 11], "texture": "#0"},
				"west": {"uv": [5, 10, 6, 11], "texture": "#0"},
				"up": {"uv": [5, 10, 6, 11], "texture": "#0"},
				"down": {"uv": [5, 10, 6, 11], "texture": "#0"}
			}
		},
		{
			"from": [11, 5, 0],
			"to": [12, 6, 1],
			"faces": {
				"north": {"uv": [4, 10, 5, 11], "texture": "#0"},
				"east": {"uv": [4, 10, 5, 11], "texture": "#0"},
				"south": {"uv": [4, 10, 5, 11], "texture": "#0"},
				"west": {"uv": [4, 10, 5, 11], "texture": "#0"},
				"up": {"uv": [4, 10, 5, 11], "texture": "#0"},
				"down": {"uv": [4, 10, 5, 11], "texture": "#0"}
			}
		},
		{
			"from": [9, 5, 0],
			"to": [10, 6, 1],
			"faces": {
				"north": {"uv": [6, 10, 7, 11], "texture": "#0"},
				"east": {"uv": [6, 10, 7, 11], "texture": "#0"},
				"south": {"uv": [6, 10, 7, 11], "texture": "#0"},
				"west": {"uv": [6, 10, 7, 11], "texture": "#0"},
				"up": {"uv": [6, 10, 7, 11], "texture": "#0"},
				"down": {"uv": [6, 10, 7, 11], "texture": "#0"}
			}
		},
		{
			"from": [9, 6, 0],
			"to": [10, 7, 1],
			"faces": {
				"north": {"uv": [6, 9, 7, 10], "texture": "#0"},
				"east": {"uv": [6, 9, 7, 10], "texture": "#0"},
				"south": {"uv": [6, 9, 7, 10], "texture": "#0"},
				"west": {"uv": [6, 9, 7, 10], "texture": "#0"},
				"up": {"uv": [6, 9, 7, 10], "texture": "#0"},
				"down": {"uv": [6, 9, 7, 10], "texture": "#0"}
			}
		},
		{
			"from": [10, 6, 0],
			"to": [11, 7, 1],
			"faces": {
				"north": {"uv": [5, 9, 6, 10], "texture": "#0"},
				"east": {"uv": [5, 9, 6, 10], "texture": "#0"},
				"south": {"uv": [5, 9, 6, 10], "texture": "#0"},
				"west": {"uv": [5, 9, 6, 10], "texture": "#0"},
				"up": {"uv": [5, 9, 6, 10], "texture": "#0"},
				"down": {"uv": [5, 9, 6, 10], "texture": "#0"}
			}
		},
		{
			"from": [10, 7, 0],
			"to": [11, 8, 1],
			"faces": {
				"north": {"uv": [5, 8, 6, 9], "texture": "#0"},
				"east": {"uv": [5, 8, 6, 9], "texture": "#0"},
				"south": {"uv": [5, 8, 6, 9], "texture": "#0"},
				"west": {"uv": [5, 8, 6, 9], "texture": "#0"},
				"up": {"uv": [5, 8, 6, 9], "texture": "#0"},
				"down": {"uv": [5, 8, 6, 9], "texture": "#0"}
			}
		},
		{
			"from": [11, 7, 0],
			"to": [12, 8, 1],
			"faces": {
				"north": {"uv": [4, 8, 5, 9], "texture": "#0"},
				"east": {"uv": [4, 8, 5, 9], "texture": "#0"},
				"south": {"uv": [4, 8, 5, 9], "texture": "#0"},
				"west": {"uv": [4, 8, 5, 9], "texture": "#0"},
				"up": {"uv": [4, 8, 5, 9], "texture": "#0"},
				"down": {"uv": [4, 8, 5, 9], "texture": "#0"}
			}
		},
		{
			"from": [11, 8, 0],
			"to": [12, 9, 1],
			"faces": {
				"north": {"uv": [4, 7, 5, 8], "texture": "#0"},
				"east": {"uv": [4, 7, 5, 8], "texture": "#0"},
				"south": {"uv": [4, 7, 5, 8], "texture": "#0"},
				"west": {"uv": [4, 7, 5, 8], "texture": "#0"},
				"up": {"uv": [4, 7, 5, 8], "texture": "#0"},
				"down": {"uv": [4, 7, 5, 8], "texture": "#0"}
			}
		},
		{
			"from": [11, 9, 0],
			"to": [12, 10, 1],
			"faces": {
				"north": {"uv": [4, 6, 5, 7], "texture": "#0"},
				"east": {"uv": [4, 6, 5, 7], "texture": "#0"},
				"south": {"uv": [4, 6, 5, 7], "texture": "#0"},
				"west": {"uv": [4, 6, 5, 7], "texture": "#0"},
				"up": {"uv": [4, 6, 5, 7], "texture": "#0"},
				"down": {"uv": [4, 6, 5, 7], "texture": "#0"}
			}
		},
		{
			"from": [8, 6, 0],
			"to": [9, 7, 1],
			"faces": {
				"north": {"uv": [7, 9, 8, 10], "texture": "#0"},
				"east": {"uv": [7, 9, 8, 10], "texture": "#0"},
				"south": {"uv": [7, 9, 8, 10], "texture": "#0"},
				"west": {"uv": [7, 9, 8, 10], "texture": "#0"},
				"up": {"uv": [7, 9, 8, 10], "texture": "#0"},
				"down": {"uv": [7, 9, 8, 10], "texture": "#0"}
			}
		},
		{
			"from": [8, 5, 0],
			"to": [9, 6, 1],
			"faces": {
				"north": {"uv": [7, 10, 8, 11], "texture": "#0"},
				"east": {"uv": [7, 10, 8, 11], "texture": "#0"},
				"south": {"uv": [7, 10, 8, 11], "texture": "#0"},
				"west": {"uv": [7, 10, 8, 11], "texture": "#0"},
				"up": {"uv": [7, 10, 8, 11], "texture": "#0"},
				"down": {"uv": [7, 10, 8, 11], "texture": "#0"}
			}
		},
		{
			"from": [8, 4, 0],
			"to": [9, 5, 1],
			"faces": {
				"north": {"uv": [7, 11, 8, 12], "texture": "#0"},
				"east": {"uv": [7, 11, 8, 12], "texture": "#0"},
				"south": {"uv": [7, 11, 8, 12], "texture": "#0"},
				"west": {"uv": [7, 11, 8, 12], "texture": "#0"},
				"up": {"uv": [7, 11, 8, 12], "texture": "#0"},
				"down": {"uv": [7, 11, 8, 12], "texture": "#0"}
			}
		},
		{
			"from": [7, 4, 0],
			"to": [8, 5, 1],
			"faces": {
				"north": {"uv": [8, 11, 9, 12], "texture": "#0"},
				"east": {"uv": [8, 11, 9, 12], "texture": "#0"},
				"south": {"uv": [8, 11, 9, 12], "texture": "#0"},
				"west": {"uv": [8, 11, 9, 12], "texture": "#0"},
				"up": {"uv": [8, 11, 9, 12], "texture": "#0"},
				"down": {"uv": [8, 11, 9, 12], "texture": "#0"}
			}
		},
		{
			"from": [6, 4, 0],
			"to": [7, 5, 1],
			"faces": {
				"north": {"uv": [9, 11, 10, 12], "texture": "#0"},
				"east": {"uv": [9, 11, 10, 12], "texture": "#0"},
				"south": {"uv": [9, 11, 10, 12], "texture": "#0"},
				"west": {"uv": [9, 11, 10, 12], "texture": "#0"},
				"up": {"uv": [9, 11, 10, 12], "texture": "#0"},
				"down": {"uv": [9, 11, 10, 12], "texture": "#0"}
			}
		},
		{
			"from": [9, 7, 0],
			"to": [10, 8, 1],
			"faces": {
				"north": {"uv": [6, 8, 7, 9], "texture": "#0"},
				"east": {"uv": [6, 8, 7, 9], "texture": "#0"},
				"south": {"uv": [6, 8, 7, 9], "texture": "#0"},
				"west": {"uv": [6, 8, 7, 9], "texture": "#0"},
				"up": {"uv": [6, 8, 7, 9], "texture": "#0"},
				"down": {"uv": [6, 8, 7, 9], "texture": "#0"}
			}
		},
		{
			"from": [8, 7, 0],
			"to": [9, 8, 1],
			"faces": {
				"north": {"uv": [7, 8, 8, 9], "texture": "#0"},
				"east": {"uv": [7, 8, 8, 9], "texture": "#0"},
				"south": {"uv": [7, 8, 8, 9], "texture": "#0"},
				"west": {"uv": [7, 8, 8, 9], "texture": "#0"},
				"up": {"uv": [7, 8, 8, 9], "texture": "#0"},
				"down": {"uv": [7, 8, 8, 9], "texture": "#0"}
			}
		},
		{
			"from": [8, 8, 0],
			"to": [9, 9, 1],
			"faces": {
				"north": {"uv": [7, 7, 8, 8], "texture": "#0"},
				"east": {"uv": [7, 7, 8, 8], "texture": "#0"},
				"south": {"uv": [7, 7, 8, 8], "texture": "#0"},
				"west": {"uv": [7, 7, 8, 8], "texture": "#0"},
				"up": {"uv": [7, 7, 8, 8], "texture": "#0"},
				"down": {"uv": [7, 7, 8, 8], "texture": "#0"}
			}
		},
		{
			"from": [7, 8, 0],
			"to": [8, 9, 1],
			"faces": {
				"north": {"uv": [8, 7, 9, 8], "texture": "#0"},
				"east": {"uv": [8, 7, 9, 8], "texture": "#0"},
				"south": {"uv": [8, 7, 9, 8], "texture": "#0"},
				"west": {"uv": [8, 7, 9, 8], "texture": "#0"},
				"up": {"uv": [8, 7, 9, 8], "texture": "#0"},
				"down": {"uv": [8, 7, 9, 8], "texture": "#0"}
			}
		},
		{
			"from": [6, 8, 0],
			"to": [7, 9, 1],
			"faces": {
				"north": {"uv": [9, 7, 10, 8], "texture": "#0"},
				"east": {"uv": [9, 7, 10, 8], "texture": "#0"},
				"south": {"uv": [9, 7, 10, 8], "texture": "#0"},
				"west": {"uv": [9, 7, 10, 8], "texture": "#0"},
				"up": {"uv": [9, 7, 10, 8], "texture": "#0"},
				"down": {"uv": [9, 7, 10, 8], "texture": "#0"}
			}
		},
		{
			"from": [6, 9, 0],
			"to": [7, 10, 1],
			"faces": {
				"north": {"uv": [9, 6, 10, 7], "texture": "#0"},
				"east": {"uv": [9, 6, 10, 7], "texture": "#0"},
				"south": {"uv": [9, 6, 10, 7], "texture": "#0"},
				"west": {"uv": [9, 6, 10, 7], "texture": "#0"},
				"up": {"uv": [9, 6, 10, 7], "texture": "#0"},
				"down": {"uv": [9, 6, 10, 7], "texture": "#0"}
			}
		},
		{
			"from": [6, 7, 0],
			"to": [7, 8, 1],
			"faces": {
				"north": {"uv": [9, 8, 10, 9], "texture": "#0"},
				"east": {"uv": [9, 8, 10, 9], "texture": "#0"},
				"south": {"uv": [9, 8, 10, 9], "texture": "#0"},
				"west": {"uv": [9, 8, 10, 9], "texture": "#0"},
				"up": {"uv": [9, 8, 10, 9], "texture": "#0"},
				"down": {"uv": [9, 8, 10, 9], "texture": "#0"}
			}
		},
		{
			"from": [5, 8, 0],
			"to": [6, 9, 1],
			"faces": {
				"north": {"uv": [10, 7, 11, 8], "texture": "#0"},
				"east": {"uv": [10, 7, 11, 8], "texture": "#0"},
				"south": {"uv": [10, 7, 11, 8], "texture": "#0"},
				"west": {"uv": [10, 7, 11, 8], "texture": "#0"},
				"up": {"uv": [10, 7, 11, 8], "texture": "#0"},
				"down": {"uv": [10, 7, 11, 8], "texture": "#0"}
			}
		},
		{
			"from": [5, 9, 0],
			"to": [6, 10, 1],
			"faces": {
				"north": {"uv": [10, 6, 11, 7], "texture": "#0"},
				"east": {"uv": [10, 6, 11, 7], "texture": "#0"},
				"south": {"uv": [10, 6, 11, 7], "texture": "#0"},
				"west": {"uv": [10, 6, 11, 7], "texture": "#0"},
				"up": {"uv": [10, 6, 11, 7], "texture": "#0"},
				"down": {"uv": [10, 6, 11, 7], "texture": "#0"}
			}
		},
		{
			"from": [5, 10, 0],
			"to": [6, 11, 1],
			"faces": {
				"north": {"uv": [10, 5, 11, 6], "texture": "#0"},
				"east": {"uv": [10, 5, 11, 6], "texture": "#0"},
				"south": {"uv": [10, 5, 11, 6], "texture": "#0"},
				"west": {"uv": [10, 5, 11, 6], "texture": "#0"},
				"up": {"uv": [10, 5, 11, 6], "texture": "#0"},
				"down": {"uv": [10, 5, 11, 6], "texture": "#0"}
			}
		},
		{
			"from": [6, 10, 0],
			"to": [7, 11, 1],
			"faces": {
				"north": {"uv": [9, 5, 10, 6], "texture": "#0"},
				"east": {"uv": [9, 5, 10, 6], "texture": "#0"},
				"south": {"uv": [9, 5, 10, 6], "texture": "#0"},
				"west": {"uv": [9, 5, 10, 6], "texture": "#0"},
				"up": {"uv": [9, 5, 10, 6], "texture": "#0"},
				"down": {"uv": [9, 5, 10, 6], "texture": "#0"}
			}
		},
		{
			"from": [5, 11, 0],
			"to": [6, 12, 1],
			"faces": {
				"north": {"uv": [10, 4, 11, 5], "texture": "#0"},
				"east": {"uv": [10, 4, 11, 5], "texture": "#0"},
				"south": {"uv": [10, 4, 11, 5], "texture": "#0"},
				"west": {"uv": [10, 4, 11, 5], "texture": "#0"},
				"up": {"uv": [10, 4, 11, 5], "texture": "#0"},
				"down": {"uv": [10, 4, 11, 5], "texture": "#0"}
			}
		},
		{
			"from": [6, 11, 0],
			"to": [7, 12, 1],
			"faces": {
				"north": {"uv": [9, 4, 10, 5], "texture": "#0"},
				"east": {"uv": [9, 4, 10, 5], "texture": "#0"},
				"south": {"uv": [9, 4, 10, 5], "texture": "#0"},
				"west": {"uv": [9, 4, 10, 5], "texture": "#0"},
				"up": {"uv": [9, 4, 10, 5], "texture": "#0"},
				"down": {"uv": [9, 4, 10, 5], "texture": "#0"}
			}
		},
		{
			"from": [5, 12, 0],
			"to": [6, 13, 1],
			"faces": {
				"north": {"uv": [10, 3, 11, 4], "texture": "#0"},
				"east": {"uv": [10, 3, 11, 4], "texture": "#0"},
				"south": {"uv": [10, 3, 11, 4], "texture": "#0"},
				"west": {"uv": [10, 3, 11, 4], "texture": "#0"},
				"up": {"uv": [10, 3, 11, 4], "texture": "#0"},
				"down": {"uv": [10, 3, 11, 4], "texture": "#0"}
			}
		},
		{
			"from": [4, 12, 0],
			"to": [5, 13, 1],
			"faces": {
				"north": {"uv": [11, 3, 12, 4], "texture": "#0"},
				"east": {"uv": [11, 3, 12, 4], "texture": "#0"},
				"south": {"uv": [11, 3, 12, 4], "texture": "#0"},
				"west": {"uv": [11, 3, 12, 4], "texture": "#0"},
				"up": {"uv": [11, 3, 12, 4], "texture": "#0"},
				"down": {"uv": [11, 3, 12, 4], "texture": "#0"}
			}
		},
		{
			"from": [4, 11, 0],
			"to": [5, 12, 1],
			"faces": {
				"north": {"uv": [11, 4, 12, 5], "texture": "#0"},
				"east": {"uv": [11, 4, 12, 5], "texture": "#0"},
				"south": {"uv": [11, 4, 12, 5], "texture": "#0"},
				"west": {"uv": [11, 4, 12, 5], "texture": "#0"},
				"up": {"uv": [11, 4, 12, 5], "texture": "#0"},
				"down": {"uv": [11, 4, 12, 5], "texture": "#0"}
			}
		},
		{
			"from": [3, 12, 0],
			"to": [4, 13, 1],
			"faces": {
				"north": {"uv": [12, 3, 13, 4], "texture": "#0"},
				"east": {"uv": [12, 3, 13, 4], "texture": "#0"},
				"south": {"uv": [12, 3, 13, 4], "texture": "#0"},
				"west": {"uv": [12, 3, 13, 4], "texture": "#0"},
				"up": {"uv": [12, 3, 13, 4], "texture": "#0"},
				"down": {"uv": [12, 3, 13, 4], "texture": "#0"}
			}
		},
		{
			"from": [3, 11, 0],
			"to": [4, 12, 1],
			"faces": {
				"north": {"uv": [12, 4, 13, 5], "texture": "#0"},
				"east": {"uv": [12, 4, 13, 5], "texture": "#0"},
				"south": {"uv": [12, 4, 13, 5], "texture": "#0"},
				"west": {"uv": [12, 4, 13, 5], "texture": "#0"},
				"up": {"uv": [12, 4, 13, 5], "texture": "#0"},
				"down": {"uv": [12, 4, 13, 5], "texture": "#0"}
			}
		},
		{
			"from": [2, 12, 0],
			"to": [3, 13, 1],
			"faces": {
				"north": {"uv": [13, 3, 14, 4], "texture": "#0"},
				"east": {"uv": [13, 3, 14, 4], "texture": "#0"},
				"south": {"uv": [13, 3, 14, 4], "texture": "#0"},
				"west": {"uv": [13, 3, 14, 4], "texture": "#0"},
				"up": {"uv": [13, 3, 14, 4], "texture": "#0"},
				"down": {"uv": [13, 3, 14, 4], "texture": "#0"}
			}
		},
		{
			"from": [2, 13, 0],
			"to": [3, 14, 1],
			"faces": {
				"north": {"uv": [13, 2, 14, 3], "texture": "#0"},
				"east": {"uv": [13, 2, 14, 3], "texture": "#0"},
				"south": {"uv": [13, 2, 14, 3], "texture": "#0"},
				"west": {"uv": [13, 2, 14, 3], "texture": "#0"},
				"up": {"uv": [13, 2, 14, 3], "texture": "#0"},
				"down": {"uv": [13, 2, 14, 3], "texture": "#0"}
			}
		},
		{
			"from": [3, 13, 0],
			"to": [4, 14, 1],
			"faces": {
				"north": {"uv": [12, 2, 13, 3], "texture": "#0"},
				"east": {"uv": [12, 2, 13, 3], "texture": "#0"},
				"south": {"uv": [12, 2, 13, 3], "texture": "#0"},
				"west": {"uv": [12, 2, 13, 3], "texture": "#0"},
				"up": {"uv": [12, 2, 13, 3], "texture": "#0"},
				"down": {"uv": [12, 2, 13, 3], "texture": "#0"}
			}
		},
		{
			"from": [2, 14, 0],
			"to": [3, 15, 1],
			"faces": {
				"north": {"uv": [13, 1, 14, 2], "texture": "#0"},
				"east": {"uv": [13, 1, 14, 2], "texture": "#0"},
				"south": {"uv": [13, 1, 14, 2], "texture": "#0"},
				"west": {"uv": [13, 1, 14, 2], "texture": "#0"},
				"up": {"uv": [13, 1, 14, 2], "texture": "#0"},
				"down": {"uv": [13, 1, 14, 2], "texture": "#0"}
			}
		},
		{
			"from": [1, 14, 0],
			"to": [2, 15, 1],
			"faces": {
				"north": {"uv": [14, 1, 15, 2], "texture": "#0"},
				"east": {"uv": [14, 1, 15, 2], "texture": "#0"},
				"south": {"uv": [14, 1, 15, 2], "texture": "#0"},
				"west": {"uv": [14, 1, 15, 2], "texture": "#0"},
				"up": {"uv": [14, 1, 15, 2], "texture": "#0"},
				"down": {"uv": [14, 1, 15, 2], "texture": "#0"}
			}
		},
		{
			"from": [1, 15, 0],
			"to": [2, 16, 1],
			"faces": {
				"north": {"uv": [14, 0, 15, 1], "texture": "#0"},
				"east": {"uv": [14, 0, 15, 1], "texture": "#0"},
				"south": {"uv": [14, 0, 15, 1], "texture": "#0"},
				"west": {"uv": [14, 0, 15, 1], "texture": "#0"},
				"up": {"uv": [14, 0, 15, 1], "texture": "#0"},
				"down": {"uv": [14, 0, 15, 1], "texture": "#0"}
			}
		},
		{
			"from": [0, 15, 0],
			"to": [1, 16, 1],
			"faces": {
				"north": {"uv": [15, 0, 16, 1], "texture": "#0"},
				"east": {"uv": [15, 0, 16, 1], "texture": "#0"},
				"south": {"uv": [15, 0, 16, 1], "texture": "#0"},
				"west": {"uv": [15, 0, 16, 1], "texture": "#0"},
				"up": {"uv": [15, 0, 16, 1], "texture": "#0"},
				"down": {"uv": [15, 0, 16, 1], "texture": "#0"}
			}
		},
		{
			"from": [3, 14, 0],
			"to": [4, 15, 1],
			"faces": {
				"north": {"uv": [12, 1, 13, 2], "texture": "#0"},
				"east": {"uv": [12, 1, 13, 2], "texture": "#0"},
				"south": {"uv": [12, 1, 13, 2], "texture": "#0"},
				"west": {"uv": [12, 1, 13, 2], "texture": "#0"},
				"up": {"uv": [12, 1, 13, 2], "texture": "#0"},
				"down": {"uv": [12, 1, 13, 2], "texture": "#0"}
			}
		},
		{
			"from": [2, 11, 0],
			"to": [3, 12, 1],
			"faces": {
				"north": {"uv": [13, 4, 14, 5], "texture": "#0"},
				"east": {"uv": [13, 4, 14, 5], "texture": "#0"},
				"south": {"uv": [13, 4, 14, 5], "texture": "#0"},
				"west": {"uv": [13, 4, 14, 5], "texture": "#0"},
				"up": {"uv": [13, 4, 14, 5], "texture": "#0"},
				"down": {"uv": [13, 4, 14, 5], "texture": "#0"}
			}
		},
		{
			"from": [6, 12, 0],
			"to": [7, 13, 1],
			"faces": {
				"north": {"uv": [9, 3, 10, 4], "texture": "#0"},
				"east": {"uv": [9, 3, 10, 4], "texture": "#0"},
				"south": {"uv": [9, 3, 10, 4], "texture": "#0"},
				"west": {"uv": [9, 3, 10, 4], "texture": "#0"},
				"up": {"uv": [9, 3, 10, 4], "texture": "#0"},
				"down": {"uv": [9, 3, 10, 4], "texture": "#0"}
			}
		},
		{
			"from": [7, 7, 0],
			"to": [8, 8, 1],
			"faces": {
				"north": {"uv": [8, 8, 9, 9], "texture": "#0"},
				"east": {"uv": [8, 8, 9, 9], "texture": "#0"},
				"south": {"uv": [8, 8, 9, 9], "texture": "#0"},
				"west": {"uv": [8, 8, 9, 9], "texture": "#0"},
				"up": {"uv": [8, 8, 9, 9], "texture": "#0"},
				"down": {"uv": [8, 8, 9, 9], "texture": "#0"}
			}
		},
		{
			"from": [7, 6, 0],
			"to": [8, 7, 1],
			"faces": {
				"north": {"uv": [8, 9, 9, 10], "texture": "#0"},
				"east": {"uv": [8, 9, 9, 10], "texture": "#0"},
				"south": {"uv": [8, 9, 9, 10], "texture": "#0"},
				"west": {"uv": [8, 9, 9, 10], "texture": "#0"},
				"up": {"uv": [8, 9, 9, 10], "texture": "#0"},
				"down": {"uv": [8, 9, 9, 10], "texture": "#0"}
			}
		},
		{
			"from": [15, 2, 0],
			"to": [16, 3, 1],
			"faces": {
				"north": {"uv": [0, 13, 1, 14], "texture": "#0"},
				"east": {"uv": [0, 13, 1, 14], "texture": "#0"},
				"south": {"uv": [0, 13, 1, 14], "texture": "#0"},
				"west": {"uv": [0, 13, 1, 14], "texture": "#0"},
				"up": {"uv": [0, 13, 1, 14], "texture": "#0"},
				"down": {"uv": [0, 13, 1, 14], "texture": "#0"}
			}
		}
	],
	"gui_light": "front",
	"display": {
		"thirdperson_righthand": {
			"rotation": [-180, 90, -45],
			"translation": [3.5, -4.5, -0.5],
			"scale": [0.44727, 0.44727, 0.44727]
		},
		"thirdperson_lefthand": {
			"rotation": [-180, 90, 45],
			"translation": [3.5, -4.5, -0.5],
			"scale": [0.44727, 0.44727, 0.44727]
		},
		"firstperson_righthand": {
			"rotation": [88, -26, -151],
			"translation": [-0.75, -3.75, 0.75],
			"scale": [0.68, 0.68, 0.68]
		},
		"firstperson_lefthand": {
			"rotation": [88, -26, -57],
			"translation": [-0.75, -3.75, 0.75],
			"scale": [0.68, 0.68, 0.68]
		},
		"ground": {
			"rotation": [90, 0, 0],
			"translation": [0, -8.75, 0],
			"scale": [0.76172, 0.76172, 0.76172]
		},
		"gui": {
			"rotation": [13, 147, 0],
			"translation": [3.75, 1.25, 0]
		},
		"head": {
			"translation": [0, 0, 3.25],
			"scale": [0.05078, 0.05078, 0.05078]
		}
	}
}