{
	"credit": "Made with Blockbench",
	"texture_size": [32, 32],
	"textures": {
		"0": "Enhanced:item/ElderBow",
		"particle": "Enhanced:item/ElderBow"
	},
	"elements": [
		{
			"from": [15, 2, 15.1],
			"to": [16, 3, 15.9],
			"rotation": {"angle": 0, "axis": "y", "origin": [13, 9, 0]},
			"faces": {
				"north": {"uv": [8, 14.5, 8.5, 15], "texture": "#0"},
				"east": {"uv": [8, 14.5, 8.5, 15], "texture": "#0"},
				"south": {"uv": [8, 14.5, 8.5, 15], "texture": "#0"},
				"west": {"uv": [8, 14.5, 8.5, 15], "texture": "#0"},
				"up": {"uv": [8, 14.5, 8.5, 15], "texture": "#0"},
				"down": {"uv": [8, 14.5, 8.5, 15], "texture": "#0"}
			}
		},
		{
			"from": [14, 3, 15.1],
			"to": [15, 4, 15.9],
			"rotation": {"angle": 0, "axis": "y", "origin": [13, 9, 0]},
			"faces": {
				"north": {"uv": [8.5, 14, 9, 14.5], "texture": "#0"},
				"east": {"uv": [8.5, 14, 9, 14.5], "texture": "#0"},
				"south": {"uv": [8.5, 14, 9, 14.5], "texture": "#0"},
				"west": {"uv": [8.5, 14, 9, 14.5], "texture": "#0"},
				"up": {"uv": [8.5, 14, 9, 14.5], "texture": "#0"},
				"down": {"uv": [8.5, 14, 9, 14.5], "texture": "#0"}
			}
		},
		{
			"from": [13, 4, 15.1],
			"to": [14, 5, 15.9],
			"rotation": {"angle": 0, "axis": "y", "origin": [13, 9, 0]},
			"faces": {
				"north": {"uv": [9, 13.5, 9.5, 14], "texture": "#0"},
				"east": {"uv": [9, 13.5, 9.5, 14], "texture": "#0"},
				"south": {"uv": [9, 13.5, 9.5, 14], "texture": "#0"},
				"west": {"uv": [9, 13.5, 9.5, 14], "texture": "#0"},
				"up": {"uv": [9, 13.5, 9.5, 14], "texture": "#0"},
				"down": {"uv": [9, 13.5, 9.5, 14], "texture": "#0"}
			}
		},
		{
			"from": [12, 5, 15.1],
			"to": [13, 6, 15.9],
			"rotation": {"angle": 0, "axis": "y", "origin": [13, 9, 0]},
			"faces": {
				"north": {"uv": [9.5, 13, 10, 13.5], "texture": "#0"},
				"east": {"uv": [9.5, 13, 10, 13.5], "texture": "#0"},
				"south": {"uv": [9.5, 13, 10, 13.5], "texture": "#0"},
				"west": {"uv": [9.5, 13, 10, 13.5], "texture": "#0"},
				"up": {"uv": [9.5, 13, 10, 13.5], "texture": "#0"},
				"down": {"uv": [9.5, 13, 10, 13.5], "texture": "#0"}
			}
		},
		{
			"from": [15, 5, 15],
			"to": [16, 6, 16],
			"rotation": {"angle": 0, "axis": "y", "origin": [13, 9, 0]},
			"faces": {
				"north": {"uv": [8, 13, 8.5, 13.5], "texture": "#0"},
				"east": {"uv": [8, 13, 8.5, 13.5], "texture": "#0"},
				"south": {"uv": [8, 13, 8.5, 13.5], "texture": "#0"},
				"west": {"uv": [8, 13, 8.5, 13.5], "texture": "#0"},
				"up": {"uv": [8, 13, 8.5, 13.5], "texture": "#0"},
				"down": {"uv": [8, 13, 8.5, 13.5], "texture": "#0"}
			}
		},
		{
			"from": [15, 6, 15],
			"to": [16, 7, 16],
			"rotation": {"angle": 0, "axis": "y", "origin": [13, 9, 0]},
			"faces": {
				"north": {"uv": [8, 12.5, 8.5, 13], "texture": "#0"},
				"east": {"uv": [8, 12.5, 8.5, 13], "texture": "#0"},
				"south": {"uv": [8, 12.5, 8.5, 13], "texture": "#0"},
				"west": {"uv": [8, 12.5, 8.5, 13], "texture": "#0"},
				"up": {"uv": [8, 12.5, 8.5, 13], "texture": "#0"},
				"down": {"uv": [8, 12.5, 8.5, 13], "texture": "#0"}
			}
		},
		{
			"from": [11, 6, 15.1],
			"to": [12, 7, 15.9],
			"rotation": {"angle": 0, "axis": "y", "origin": [13, 9, 0]},
			"faces": {
				"north": {"uv": [10, 12.5, 10.5, 13], "texture": "#0"},
				"east": {"uv": [10, 12.5, 10.5, 13], "texture": "#0"},
				"south": {"uv": [10, 12.5, 10.5, 13], "texture": "#0"},
				"west": {"uv": [10, 12.5, 10.5, 13], "texture": "#0"},
				"up": {"uv": [10, 12.5, 10.5, 13], "texture": "#0"},
				"down": {"uv": [10, 12.5, 10.5, 13], "texture": "#0"}
			}
		},
		{
			"from": [14, 6, 15],
			"to": [15, 7, 16],
			"rotation": {"angle": 0, "axis": "y", "origin": [13, 9, 0]},
			"faces": {
				"north": {"uv": [8.5, 12.5, 9, 13], "texture": "#0"},
				"east": {"uv": [8.5, 12.5, 9, 13], "texture": "#0"},
				"south": {"uv": [8.5, 12.5, 9, 13], "texture": "#0"},
				"west": {"uv": [8.5, 12.5, 9, 13], "texture": "#0"},
				"up": {"uv": [8.5, 12.5, 9, 13], "texture": "#0"},
				"down": {"uv": [8.5, 12.5, 9, 13], "texture": "#0"}
			}
		},
		{
			"from": [15, 7, 15],
			"to": [16, 8, 16],
			"rotation": {"angle": 0, "axis": "y", "origin": [13, 9, 0]},
			"faces": {
				"north": {"uv": [8, 12, 8.5, 12.5], "texture": "#0"},
				"east": {"uv": [8, 12, 8.5, 12.5], "texture": "#0"},
				"south": {"uv": [8, 12, 8.5, 12.5], "texture": "#0"},
				"west": {"uv": [8, 12, 8.5, 12.5], "texture": "#0"},
				"up": {"uv": [8, 12, 8.5, 12.5], "texture": "#0"},
				"down": {"uv": [8, 12, 8.5, 12.5], "texture": "#0"}
			}
		},
		{
			"from": [0, 7, 15],
			"to": [1, 8, 16],
			"rotation": {"angle": 0, "axis": "y", "origin": [13, 9, 0]},
			"faces": {
				"north": {"uv": [15.5, 12, 16, 12.5], "texture": "#0"},
				"east": {"uv": [15.5, 12, 16, 12.5], "texture": "#0"},
				"south": {"uv": [15.5, 12, 16, 12.5], "texture": "#0"},
				"west": {"uv": [15.5, 12, 16, 12.5], "texture": "#0"},
				"up": {"uv": [15.5, 12, 16, 12.5], "texture": "#0"},
				"down": {"uv": [15.5, 12, 16, 12.5], "texture": "#0"}
			}
		},
		{
			"from": [10, 7, 15.1],
			"to": [11, 8, 15.9],
			"rotation": {"angle": 0, "axis": "y", "origin": [13, 9, 0]},
			"faces": {
				"north": {"uv": [10.5, 12, 11, 12.5], "texture": "#0"},
				"east": {"uv": [10.5, 12, 11, 12.5], "texture": "#0"},
				"south": {"uv": [10.5, 12, 11, 12.5], "texture": "#0"},
				"west": {"uv": [10.5, 12, 11, 12.5], "texture": "#0"},
				"up": {"uv": [10.5, 12, 11, 12.5], "texture": "#0"},
				"down": {"uv": [10.5, 12, 11, 12.5], "texture": "#0"}
			}
		},
		{
			"from": [13, 7, 15.1],
			"to": [14, 8, 15.9],
			"rotation": {"angle": 0, "axis": "y", "origin": [13, 9, 0]},
			"faces": {
				"north": {"uv": [9, 12, 9.5, 12.5], "texture": "#0"},
				"east": {"uv": [9, 12, 9.5, 12.5], "texture": "#0"},
				"south": {"uv": [9, 12, 9.5, 12.5], "texture": "#0"},
				"west": {"uv": [9, 12, 9.5, 12.5], "texture": "#0"},
				"up": {"uv": [9, 12, 9.5, 12.5], "texture": "#0"},
				"down": {"uv": [9, 12, 9.5, 12.5], "texture": "#0"}
			}
		},
		{
			"from": [14, 7, 15],
			"to": [15, 8, 16],
			"rotation": {"angle": 0, "axis": "y", "origin": [13, 9, 0]},
			"faces": {
				"north": {"uv": [8.5, 12, 9, 12.5], "texture": "#0"},
				"east": {"uv": [8.5, 12, 9, 12.5], "texture": "#0"},
				"south": {"uv": [8.5, 12, 9, 12.5], "texture": "#0"},
				"west": {"uv": [8.5, 12, 9, 12.5], "texture": "#0"},
				"up": {"uv": [8.5, 12, 9, 12.5], "texture": "#0"},
				"down": {"uv": [8.5, 12, 9, 12.5], "texture": "#0"}
			}
		},
		{
			"from": [15, 8, 15],
			"to": [16, 9, 16],
			"rotation": {"angle": 0, "axis": "y", "origin": [13, 9, 0]},
			"faces": {
				"north": {"uv": [8, 11.5, 8.5, 12], "texture": "#0"},
				"east": {"uv": [8, 11.5, 8.5, 12], "texture": "#0"},
				"south": {"uv": [8, 11.5, 8.5, 12], "texture": "#0"},
				"west": {"uv": [8, 11.5, 8.5, 12], "texture": "#0"},
				"up": {"uv": [8, 11.5, 8.5, 12], "texture": "#0"},
				"down": {"uv": [8, 11.5, 8.5, 12], "texture": "#0"}
			}
		},
		{
			"from": [16, 8, 15],
			"to": [17, 9, 16],
			"rotation": {"angle": 0, "axis": "y", "origin": [13, 9, 0]},
			"faces": {
				"north": {"uv": [7.5, 11.5, 8, 12], "texture": "#0"},
				"east": {"uv": [7.5, 11.5, 8, 12], "texture": "#0"},
				"south": {"uv": [7.5, 11.5, 8, 12], "texture": "#0"},
				"west": {"uv": [7.5, 11.5, 8, 12], "texture": "#0"},
				"up": {"uv": [7.5, 11.5, 8, 12], "texture": "#0"},
				"down": {"uv": [7.5, 11.5, 8, 12], "texture": "#0"}
			}
		},
		{
			"from": [16, 7, 15],
			"to": [17, 8, 16],
			"rotation": {"angle": 0, "axis": "y", "origin": [13, 9, 0]},
			"faces": {
				"north": {"uv": [7.5, 12, 8, 12.5], "texture": "#0"},
				"east": {"uv": [7.5, 12, 8, 12.5], "texture": "#0"},
				"south": {"uv": [7.5, 12, 8, 12.5], "texture": "#0"},
				"west": {"uv": [7.5, 12, 8, 12.5], "texture": "#0"},
				"up": {"uv": [7.5, 12, 8, 12.5], "texture": "#0"},
				"down": {"uv": [7.5, 12, 8, 12.5], "texture": "#0"}
			}
		},
		{
			"from": [16, 6, 15],
			"to": [17, 7, 16],
			"rotation": {"angle": 0, "axis": "y", "origin": [13, 9, 0]},
			"faces": {
				"north": {"uv": [7.5, 12.5, 8, 13], "texture": "#0"},
				"east": {"uv": [7.5, 12.5, 8, 13], "texture": "#0"},
				"south": {"uv": [7.5, 12.5, 8, 13], "texture": "#0"},
				"west": {"uv": [7.5, 12.5, 8, 13], "texture": "#0"},
				"up": {"uv": [7.5, 12.5, 8, 13], "texture": "#0"},
				"down": {"uv": [7.5, 12.5, 8, 13], "texture": "#0"}
			}
		},
		{
			"from": [16, 5, 15],
			"to": [17, 6, 16],
			"rotation": {"angle": 0, "axis": "y", "origin": [13, 9, 0]},
			"faces": {
				"north": {"uv": [7.5, 13, 8, 13.5], "texture": "#0"},
				"east": {"uv": [7.5, 13, 8, 13.5], "texture": "#0"},
				"south": {"uv": [7.5, 13, 8, 13.5], "texture": "#0"},
				"west": {"uv": [7.5, 13, 8, 13.5], "texture": "#0"},
				"up": {"uv": [7.5, 13, 8, 13.5], "texture": "#0"},
				"down": {"uv": [7.5, 13, 8, 13.5], "texture": "#0"}
			}
		},
		{
			"from": [16, 4, 15],
			"to": [17, 5, 16],
			"rotation": {"angle": 0, "axis": "y", "origin": [13, 9, 0]},
			"faces": {
				"north": {"uv": [7.5, 13.5, 8, 14], "texture": "#0"},
				"east": {"uv": [7.5, 13.5, 8, 14], "texture": "#0"},
				"south": {"uv": [7.5, 13.5, 8, 14], "texture": "#0"},
				"west": {"uv": [7.5, 13.5, 8, 14], "texture": "#0"},
				"up": {"uv": [7.5, 13.5, 8, 14], "texture": "#0"},
				"down": {"uv": [7.5, 13.5, 8, 14], "texture": "#0"}
			}
		},
		{
			"from": [16, 3, 15],
			"to": [17, 4, 16],
			"rotation": {"angle": 0, "axis": "y", "origin": [13, 9, 0]},
			"faces": {
				"north": {"uv": [7.5, 14, 8, 14.5], "texture": "#0"},
				"east": {"uv": [7.5, 14, 8, 14.5], "texture": "#0"},
				"south": {"uv": [7.5, 14, 8, 14.5], "texture": "#0"},
				"west": {"uv": [7.5, 14, 8, 14.5], "texture": "#0"},
				"up": {"uv": [7.5, 14, 8, 14.5], "texture": "#0"},
				"down": {"uv": [7.5, 14, 8, 14.5], "texture": "#0"}
			}
		},
		{
			"from": [16, 2, 15],
			"to": [17, 3, 16],
			"rotation": {"angle": 0, "axis": "y", "origin": [13, 9, 0]},
			"faces": {
				"north": {"uv": [7.5, 14.5, 8, 15], "texture": "#0"},
				"east": {"uv": [7.5, 14.5, 8, 15], "texture": "#0"},
				"south": {"uv": [7.5, 14.5, 8, 15], "texture": "#0"},
				"west": {"uv": [7.5, 14.5, 8, 15], "texture": "#0"},
				"up": {"uv": [7.5, 14.5, 8, 15], "texture": "#0"},
				"down": {"uv": [7.5, 14.5, 8, 15], "texture": "#0"}
			}
		},
		{
			"from": [16, 1, 15],
			"to": [17, 2, 16],
			"rotation": {"angle": 0, "axis": "y", "origin": [13, 9, 0]},
			"faces": {
				"north": {"uv": [7.5, 15, 8, 15.5], "texture": "#0"},
				"east": {"uv": [7.5, 15, 8, 15.5], "texture": "#0"},
				"south": {"uv": [7.5, 15, 8, 15.5], "texture": "#0"},
				"west": {"uv": [7.5, 15, 8, 15.5], "texture": "#0"},
				"up": {"uv": [7.5, 15, 8, 15.5], "texture": "#0"},
				"down": {"uv": [7.5, 15, 8, 15.5], "texture": "#0"}
			}
		},
		{
			"from": [17, 8, 15],
			"to": [18, 9, 16],
			"rotation": {"angle": 0, "axis": "y", "origin": [13, 9, 0]},
			"faces": {
				"north": {"uv": [7, 11.5, 7.5, 12], "texture": "#0"},
				"east": {"uv": [7, 11.5, 7.5, 12], "texture": "#0"},
				"south": {"uv": [7, 11.5, 7.5, 12], "texture": "#0"},
				"west": {"uv": [7, 11.5, 7.5, 12], "texture": "#0"},
				"up": {"uv": [7, 11.5, 7.5, 12], "texture": "#0"},
				"down": {"uv": [7, 11.5, 7.5, 12], "texture": "#0"}
			}
		},
		{
			"from": [17, 7, 15],
			"to": [18, 8, 16],
			"rotation": {"angle": 0, "axis": "y", "origin": [13, 9, 0]},
			"faces": {
				"north": {"uv": [7, 12, 7.5, 12.5], "texture": "#0"},
				"east": {"uv": [7, 12, 7.5, 12.5], "texture": "#0"},
				"south": {"uv": [7, 12, 7.5, 12.5], "texture": "#0"},
				"west": {"uv": [7, 12, 7.5, 12.5], "texture": "#0"},
				"up": {"uv": [7, 12, 7.5, 12.5], "texture": "#0"},
				"down": {"uv": [7, 12, 7.5, 12.5], "texture": "#0"}
			}
		},
		{
			"from": [17, 6, 15],
			"to": [18, 7, 16],
			"rotation": {"angle": 0, "axis": "y", "origin": [13, 9, 0]},
			"faces": {
				"north": {"uv": [7, 12.5, 7.5, 13], "texture": "#0"},
				"east": {"uv": [7, 12.5, 7.5, 13], "texture": "#0"},
				"south": {"uv": [7, 12.5, 7.5, 13], "texture": "#0"},
				"west": {"uv": [7, 12.5, 7.5, 13], "texture": "#0"},
				"up": {"uv": [7, 12.5, 7.5, 13], "texture": "#0"},
				"down": {"uv": [7, 12.5, 7.5, 13], "texture": "#0"}
			}
		},
		{
			"from": [17, 5, 15],
			"to": [18, 6, 16],
			"rotation": {"angle": 0, "axis": "y", "origin": [13, 9, 0]},
			"faces": {
				"north": {"uv": [7, 13, 7.5, 13.5], "texture": "#0"},
				"east": {"uv": [7, 13, 7.5, 13.5], "texture": "#0"},
				"south": {"uv": [7, 13, 7.5, 13.5], "texture": "#0"},
				"west": {"uv": [7, 13, 7.5, 13.5], "texture": "#0"},
				"up": {"uv": [7, 13, 7.5, 13.5], "texture": "#0"},
				"down": {"uv": [7, 13, 7.5, 13.5], "texture": "#0"}
			}
		},
		{
			"from": [17, 4, 15],
			"to": [18, 5, 16],
			"rotation": {"angle": 0, "axis": "y", "origin": [13, 9, 0]},
			"faces": {
				"north": {"uv": [7, 13.5, 7.5, 14], "texture": "#0"},
				"east": {"uv": [7, 13.5, 7.5, 14], "texture": "#0"},
				"south": {"uv": [7, 13.5, 7.5, 14], "texture": "#0"},
				"west": {"uv": [7, 13.5, 7.5, 14], "texture": "#0"},
				"up": {"uv": [7, 13.5, 7.5, 14], "texture": "#0"},
				"down": {"uv": [7, 13.5, 7.5, 14], "texture": "#0"}
			}
		},
		{
			"from": [17, 3, 15],
			"to": [18, 4, 16],
			"rotation": {"angle": 0, "axis": "y", "origin": [13, 9, 0]},
			"faces": {
				"north": {"uv": [7, 14, 7.5, 14.5], "texture": "#0"},
				"east": {"uv": [7, 14, 7.5, 14.5], "texture": "#0"},
				"south": {"uv": [7, 14, 7.5, 14.5], "texture": "#0"},
				"west": {"uv": [7, 14, 7.5, 14.5], "texture": "#0"},
				"up": {"uv": [7, 14, 7.5, 14.5], "texture": "#0"},
				"down": {"uv": [7, 14, 7.5, 14.5], "texture": "#0"}
			}
		},
		{
			"from": [17, 2, 15],
			"to": [18, 3, 16],
			"rotation": {"angle": 0, "axis": "y", "origin": [13, 9, 0]},
			"faces": {
				"north": {"uv": [7, 14.5, 7.5, 15], "texture": "#0"},
				"east": {"uv": [7, 14.5, 7.5, 15], "texture": "#0"},
				"south": {"uv": [7, 14.5, 7.5, 15], "texture": "#0"},
				"west": {"uv": [7, 14.5, 7.5, 15], "texture": "#0"},
				"up": {"uv": [7, 14.5, 7.5, 15], "texture": "#0"},
				"down": {"uv": [7, 14.5, 7.5, 15], "texture": "#0"}
			}
		},
		{
			"from": [17, 1, 15],
			"to": [18, 2, 16],
			"rotation": {"angle": 0, "axis": "y", "origin": [13, 9, 0]},
			"faces": {
				"north": {"uv": [7, 15, 7.5, 15.5], "texture": "#0"},
				"east": {"uv": [7, 15, 7.5, 15.5], "texture": "#0"},
				"south": {"uv": [7, 15, 7.5, 15.5], "texture": "#0"},
				"west": {"uv": [7, 15, 7.5, 15.5], "texture": "#0"},
				"up": {"uv": [7, 15, 7.5, 15.5], "texture": "#0"},
				"down": {"uv": [7, 15, 7.5, 15.5], "texture": "#0"}
			}
		},
		{
			"from": [17, 0, 15],
			"to": [18, 1, 16],
			"rotation": {"angle": 0, "axis": "y", "origin": [13, 9, 0]},
			"faces": {
				"north": {"uv": [7, 15.5, 7.5, 16], "texture": "#0"},
				"east": {"uv": [7, 15.5, 7.5, 16], "texture": "#0"},
				"south": {"uv": [7, 15.5, 7.5, 16], "texture": "#0"},
				"west": {"uv": [7, 15.5, 7.5, 16], "texture": "#0"},
				"up": {"uv": [7, 15.5, 7.5, 16], "texture": "#0"},
				"down": {"uv": [7, 15.5, 7.5, 16], "texture": "#0"}
			}
		},
		{
			"from": [18, 4, 15],
			"to": [19, 5, 16],
			"rotation": {"angle": 0, "axis": "y", "origin": [13, 9, 0]},
			"faces": {
				"north": {"uv": [6.5, 13.5, 7, 14], "texture": "#0"},
				"east": {"uv": [6.5, 13.5, 7, 14], "texture": "#0"},
				"south": {"uv": [6.5, 13.5, 7, 14], "texture": "#0"},
				"west": {"uv": [6.5, 13.5, 7, 14], "texture": "#0"},
				"up": {"uv": [6.5, 13.5, 7, 14], "texture": "#0"},
				"down": {"uv": [6.5, 13.5, 7, 14], "texture": "#0"}
			}
		},
		{
			"from": [18, 3, 15],
			"to": [19, 4, 16],
			"rotation": {"angle": 0, "axis": "y", "origin": [13, 9, 0]},
			"faces": {
				"north": {"uv": [6.5, 14, 7, 14.5], "texture": "#0"},
				"east": {"uv": [6.5, 14, 7, 14.5], "texture": "#0"},
				"south": {"uv": [6.5, 14, 7, 14.5], "texture": "#0"},
				"west": {"uv": [6.5, 14, 7, 14.5], "texture": "#0"},
				"up": {"uv": [6.5, 14, 7, 14.5], "texture": "#0"},
				"down": {"uv": [6.5, 14, 7, 14.5], "texture": "#0"}
			}
		},
		{
			"from": [18, 2, 15],
			"to": [19, 3, 16],
			"rotation": {"angle": 0, "axis": "y", "origin": [13, 9, 0]},
			"faces": {
				"north": {"uv": [6.5, 14.5, 7, 15], "texture": "#0"},
				"east": {"uv": [6.5, 14.5, 7, 15], "texture": "#0"},
				"south": {"uv": [6.5, 14.5, 7, 15], "texture": "#0"},
				"west": {"uv": [6.5, 14.5, 7, 15], "texture": "#0"},
				"up": {"uv": [6.5, 14.5, 7, 15], "texture": "#0"},
				"down": {"uv": [6.5, 14.5, 7, 15], "texture": "#0"}
			}
		},
		{
			"from": [18, 0, 15],
			"to": [19, 1, 16],
			"rotation": {"angle": 0, "axis": "y", "origin": [13, 9, 0]},
			"faces": {
				"north": {"uv": [6.5, 15.5, 7, 16], "texture": "#0"},
				"east": {"uv": [6.5, 15.5, 7, 16], "texture": "#0"},
				"south": {"uv": [6.5, 15.5, 7, 16], "texture": "#0"},
				"west": {"uv": [6.5, 15.5, 7, 16], "texture": "#0"},
				"up": {"uv": [6.5, 15.5, 7, 16], "texture": "#0"},
				"down": {"uv": [6.5, 15.5, 7, 16], "texture": "#0"}
			}
		},
		{
			"from": [0, 8, 15],
			"to": [1, 9, 16],
			"rotation": {"angle": 0, "axis": "y", "origin": [13, 9, 0]},
			"faces": {
				"north": {"uv": [15.5, 11.5, 16, 12], "texture": "#0"},
				"east": {"uv": [15.5, 11.5, 16, 12], "texture": "#0"},
				"south": {"uv": [15.5, 11.5, 16, 12], "texture": "#0"},
				"west": {"uv": [15.5, 11.5, 16, 12], "texture": "#0"},
				"up": {"uv": [15.5, 11.5, 16, 12], "texture": "#0"},
				"down": {"uv": [15.5, 11.5, 16, 12], "texture": "#0"}
			}
		},
		{
			"from": [1, 8, 15],
			"to": [2, 9, 16],
			"rotation": {"angle": 0, "axis": "y", "origin": [13, 9, 0]},
			"faces": {
				"north": {"uv": [15, 11.5, 15.5, 12], "texture": "#0"},
				"east": {"uv": [15, 11.5, 15.5, 12], "texture": "#0"},
				"south": {"uv": [15, 11.5, 15.5, 12], "texture": "#0"},
				"west": {"uv": [15, 11.5, 15.5, 12], "texture": "#0"},
				"up": {"uv": [15, 11.5, 15.5, 12], "texture": "#0"},
				"down": {"uv": [15, 11.5, 15.5, 12], "texture": "#0"}
			}
		},
		{
			"from": [9, 8, 15.1],
			"to": [10, 9, 15.9],
			"rotation": {"angle": 0, "axis": "y", "origin": [13, 9, 0]},
			"faces": {
				"north": {"uv": [11, 11.5, 11.5, 12], "texture": "#0"},
				"east": {"uv": [11, 11.5, 11.5, 12], "texture": "#0"},
				"south": {"uv": [11, 11.5, 11.5, 12], "texture": "#0"},
				"west": {"uv": [11, 11.5, 11.5, 12], "texture": "#0"},
				"up": {"uv": [11, 11.5, 11.5, 12], "texture": "#0"},
				"down": {"uv": [11, 11.5, 11.5, 12], "texture": "#0"}
			}
		},
		{
			"from": [12, 8, 15.1],
			"to": [13, 9, 15.9],
			"rotation": {"angle": 0, "axis": "y", "origin": [13, 9, 0]},
			"faces": {
				"north": {"uv": [9.5, 11.5, 10, 12], "texture": "#0"},
				"east": {"uv": [9.5, 11.5, 10, 12], "texture": "#0"},
				"south": {"uv": [9.5, 11.5, 10, 12], "texture": "#0"},
				"west": {"uv": [9.5, 11.5, 10, 12], "texture": "#0"},
				"up": {"uv": [9.5, 11.5, 10, 12], "texture": "#0"},
				"down": {"uv": [9.5, 11.5, 10, 12], "texture": "#0"}
			}
		},
		{
			"from": [13, 8, 15.2],
			"to": [14, 9, 15.8],
			"rotation": {"angle": 0, "axis": "y", "origin": [13, 9, 0]},
			"faces": {
				"north": {"uv": [9, 11.5, 9.5, 12], "texture": "#0"},
				"east": {"uv": [9, 11.5, 9.5, 12], "texture": "#0"},
				"south": {"uv": [9, 11.5, 9.5, 12], "texture": "#0"},
				"west": {"uv": [9, 11.5, 9.5, 12], "texture": "#0"},
				"up": {"uv": [9, 11.5, 9.5, 12], "texture": "#0"},
				"down": {"uv": [9, 11.5, 9.5, 12], "texture": "#0"}
			}
		},
		{
			"from": [14, 8, 15.1],
			"to": [15, 9, 15.9],
			"rotation": {"angle": 0, "axis": "y", "origin": [13, 9, 0]},
			"faces": {
				"north": {"uv": [8.5, 11.5, 9, 12], "texture": "#0"},
				"east": {"uv": [8.5, 11.5, 9, 12], "texture": "#0"},
				"south": {"uv": [8.5, 11.5, 9, 12], "texture": "#0"},
				"west": {"uv": [8.5, 11.5, 9, 12], "texture": "#0"},
				"up": {"uv": [8.5, 11.5, 9, 12], "texture": "#0"},
				"down": {"uv": [8.5, 11.5, 9, 12], "texture": "#0"}
			}
		},
		{
			"from": [0, 9, 15],
			"to": [1, 10, 16],
			"rotation": {"angle": 0, "axis": "y", "origin": [13, 9, 0]},
			"faces": {
				"north": {"uv": [15.5, 11, 16, 11.5], "texture": "#0"},
				"east": {"uv": [15.5, 11, 16, 11.5], "texture": "#0"},
				"south": {"uv": [15.5, 11, 16, 11.5], "texture": "#0"},
				"west": {"uv": [15.5, 11, 16, 11.5], "texture": "#0"},
				"up": {"uv": [15.5, 11, 16, 11.5], "texture": "#0"},
				"down": {"uv": [15.5, 11, 16, 11.5], "texture": "#0"}
			}
		},
		{
			"from": [1, 9, 15.1],
			"to": [2, 10, 15.9],
			"rotation": {"angle": 0, "axis": "y", "origin": [13, 9, 0]},
			"faces": {
				"north": {"uv": [15, 11, 15.5, 11.5], "texture": "#0"},
				"east": {"uv": [15, 11, 15.5, 11.5], "texture": "#0"},
				"south": {"uv": [15, 11, 15.5, 11.5], "texture": "#0"},
				"west": {"uv": [15, 11, 15.5, 11.5], "texture": "#0"},
				"up": {"uv": [15, 11, 15.5, 11.5], "texture": "#0"},
				"down": {"uv": [15, 11, 15.5, 11.5], "texture": "#0"}
			}
		},
		{
			"from": [2, 9, 15],
			"to": [3, 10, 16],
			"rotation": {"angle": 0, "axis": "y", "origin": [13, 9, 0]},
			"faces": {
				"north": {"uv": [14.5, 11, 15, 11.5], "texture": "#0"},
				"east": {"uv": [14.5, 11, 15, 11.5], "texture": "#0"},
				"south": {"uv": [14.5, 11, 15, 11.5], "texture": "#0"},
				"west": {"uv": [14.5, 11, 15, 11.5], "texture": "#0"},
				"up": {"uv": [14.5, 11, 15, 11.5], "texture": "#0"},
				"down": {"uv": [14.5, 11, 15, 11.5], "texture": "#0"}
			}
		},
		{
			"from": [8, 9, 15.1],
			"to": [9, 10, 15.9],
			"rotation": {"angle": 0, "axis": "y", "origin": [13, 9, 0]},
			"faces": {
				"north": {"uv": [11.5, 11, 12, 11.5], "texture": "#0"},
				"east": {"uv": [11.5, 11, 12, 11.5], "texture": "#0"},
				"south": {"uv": [11.5, 11, 12, 11.5], "texture": "#0"},
				"west": {"uv": [11.5, 11, 12, 11.5], "texture": "#0"},
				"up": {"uv": [11.5, 11, 12, 11.5], "texture": "#0"},
				"down": {"uv": [11.5, 11, 12, 11.5], "texture": "#0"}
			}
		},
		{
			"from": [11, 9, 15.1],
			"to": [12, 10, 15.9],
			"rotation": {"angle": 0, "axis": "y", "origin": [13, 9, 0]},
			"faces": {
				"north": {"uv": [10, 11, 10.5, 11.5], "texture": "#0"},
				"east": {"uv": [10, 11, 10.5, 11.5], "texture": "#0"},
				"south": {"uv": [10, 11, 10.5, 11.5], "texture": "#0"},
				"west": {"uv": [10, 11, 10.5, 11.5], "texture": "#0"},
				"up": {"uv": [10, 11, 10.5, 11.5], "texture": "#0"},
				"down": {"uv": [10, 11, 10.5, 11.5], "texture": "#0"}
			}
		},
		{
			"from": [12, 9, 15.2],
			"to": [13, 10, 15.8],
			"rotation": {"angle": 0, "axis": "y", "origin": [13, 9, 0]},
			"faces": {
				"north": {"uv": [9.5, 11, 10, 11.5], "texture": "#0"},
				"east": {"uv": [9.5, 11, 10, 11.5], "texture": "#0"},
				"south": {"uv": [9.5, 11, 10, 11.5], "texture": "#0"},
				"west": {"uv": [9.5, 11, 10, 11.5], "texture": "#0"},
				"up": {"uv": [9.5, 11, 10, 11.5], "texture": "#0"},
				"down": {"uv": [9.5, 11, 10, 11.5], "texture": "#0"}
			}
		},
		{
			"from": [13, 9, 15.1],
			"to": [14, 10, 15.9],
			"rotation": {"angle": 0, "axis": "y", "origin": [13, 9, 0]},
			"faces": {
				"north": {"uv": [9, 11, 9.5, 11.5], "texture": "#0"},
				"east": {"uv": [9, 11, 9.5, 11.5], "texture": "#0"},
				"south": {"uv": [9, 11, 9.5, 11.5], "texture": "#0"},
				"west": {"uv": [9, 11, 9.5, 11.5], "texture": "#0"},
				"up": {"uv": [9, 11, 9.5, 11.5], "texture": "#0"},
				"down": {"uv": [9, 11, 9.5, 11.5], "texture": "#0"}
			}
		},
		{
			"from": [1, 10, 15],
			"to": [2, 11, 16],
			"rotation": {"angle": 0, "axis": "y", "origin": [13, 9, 0]},
			"faces": {
				"north": {"uv": [15, 10.5, 15.5, 11], "texture": "#0"},
				"east": {"uv": [15, 10.5, 15.5, 11], "texture": "#0"},
				"south": {"uv": [15, 10.5, 15.5, 11], "texture": "#0"},
				"west": {"uv": [15, 10.5, 15.5, 11], "texture": "#0"},
				"up": {"uv": [15, 10.5, 15.5, 11], "texture": "#0"},
				"down": {"uv": [15, 10.5, 15.5, 11], "texture": "#0"}
			}
		},
		{
			"from": [2, 10, 15.1],
			"to": [3, 11, 15.9],
			"rotation": {"angle": 0, "axis": "y", "origin": [13, 9, 0]},
			"faces": {
				"north": {"uv": [14.5, 10.5, 15, 11], "texture": "#0"},
				"east": {"uv": [14.5, 10.5, 15, 11], "texture": "#0"},
				"south": {"uv": [14.5, 10.5, 15, 11], "texture": "#0"},
				"west": {"uv": [14.5, 10.5, 15, 11], "texture": "#0"},
				"up": {"uv": [14.5, 10.5, 15, 11], "texture": "#0"},
				"down": {"uv": [14.5, 10.5, 15, 11], "texture": "#0"}
			}
		},
		{
			"from": [3, 10, 15],
			"to": [4, 11, 16],
			"rotation": {"angle": 0, "axis": "y", "origin": [13, 9, 0]},
			"faces": {
				"north": {"uv": [14, 10.5, 14.5, 11], "texture": "#0"},
				"east": {"uv": [14, 10.5, 14.5, 11], "texture": "#0"},
				"south": {"uv": [14, 10.5, 14.5, 11], "texture": "#0"},
				"west": {"uv": [14, 10.5, 14.5, 11], "texture": "#0"},
				"up": {"uv": [14, 10.5, 14.5, 11], "texture": "#0"},
				"down": {"uv": [14, 10.5, 14.5, 11], "texture": "#0"}
			}
		},
		{
			"from": [7, 10, 15.1],
			"to": [8, 11, 15.9],
			"rotation": {"angle": 0, "axis": "y", "origin": [13, 9, 0]},
			"faces": {
				"north": {"uv": [12, 10.5, 12.5, 11], "texture": "#0"},
				"east": {"uv": [12, 10.5, 12.5, 11], "texture": "#0"},
				"south": {"uv": [12, 10.5, 12.5, 11], "texture": "#0"},
				"west": {"uv": [12, 10.5, 12.5, 11], "texture": "#0"},
				"up": {"uv": [12, 10.5, 12.5, 11], "texture": "#0"},
				"down": {"uv": [12, 10.5, 12.5, 11], "texture": "#0"}
			}
		},
		{
			"from": [10, 10, 15],
			"to": [11, 11, 16],
			"rotation": {"angle": 0, "axis": "y", "origin": [13, 9, 0]},
			"faces": {
				"north": {"uv": [10.5, 10.5, 11, 11], "texture": "#0"},
				"east": {"uv": [10.5, 10.5, 11, 11], "texture": "#0"},
				"south": {"uv": [10.5, 10.5, 11, 11], "texture": "#0"},
				"west": {"uv": [10.5, 10.5, 11, 11], "texture": "#0"},
				"up": {"uv": [10.5, 10.5, 11, 11], "texture": "#0"},
				"down": {"uv": [10.5, 10.5, 11, 11], "texture": "#0"}
			}
		},
		{
			"from": [11, 10, 15],
			"to": [12, 11, 16],
			"rotation": {"angle": 0, "axis": "y", "origin": [13, 9, 0]},
			"faces": {
				"north": {"uv": [10, 10.5, 10.5, 11], "texture": "#0"},
				"east": {"uv": [10, 10.5, 10.5, 11], "texture": "#0"},
				"south": {"uv": [10, 10.5, 10.5, 11], "texture": "#0"},
				"west": {"uv": [10, 10.5, 10.5, 11], "texture": "#0"},
				"up": {"uv": [10, 10.5, 10.5, 11], "texture": "#0"},
				"down": {"uv": [10, 10.5, 10.5, 11], "texture": "#0"}
			}
		},
		{
			"from": [12, 10, 15.1],
			"to": [13, 11, 15.9],
			"rotation": {"angle": 0, "axis": "y", "origin": [13, 9, 0]},
			"faces": {
				"north": {"uv": [9.5, 10.5, 10, 11], "texture": "#0"},
				"east": {"uv": [9.5, 10.5, 10, 11], "texture": "#0"},
				"south": {"uv": [9.5, 10.5, 10, 11], "texture": "#0"},
				"west": {"uv": [9.5, 10.5, 10, 11], "texture": "#0"},
				"up": {"uv": [9.5, 10.5, 10, 11], "texture": "#0"},
				"down": {"uv": [9.5, 10.5, 10, 11], "texture": "#0"}
			}
		},
		{
			"from": [2, 11, 15],
			"to": [3, 12, 16],
			"rotation": {"angle": 0, "axis": "y", "origin": [13, 9, 0]},
			"faces": {
				"north": {"uv": [14.5, 10, 15, 10.5], "texture": "#0"},
				"east": {"uv": [14.5, 10, 15, 10.5], "texture": "#0"},
				"south": {"uv": [14.5, 10, 15, 10.5], "texture": "#0"},
				"west": {"uv": [14.5, 10, 15, 10.5], "texture": "#0"},
				"up": {"uv": [14.5, 10, 15, 10.5], "texture": "#0"},
				"down": {"uv": [14.5, 10, 15, 10.5], "texture": "#0"}
			}
		},
		{
			"from": [3, 11, 15.1],
			"to": [4, 12, 15.9],
			"rotation": {"angle": 0, "axis": "y", "origin": [13, 9, 0]},
			"faces": {
				"north": {"uv": [14, 10, 14.5, 10.5], "texture": "#0"},
				"east": {"uv": [14, 10, 14.5, 10.5], "texture": "#0"},
				"south": {"uv": [14, 10, 14.5, 10.5], "texture": "#0"},
				"west": {"uv": [14, 10, 14.5, 10.5], "texture": "#0"},
				"up": {"uv": [14, 10, 14.5, 10.5], "texture": "#0"},
				"down": {"uv": [14, 10, 14.5, 10.5], "texture": "#0"}
			}
		},
		{
			"from": [6, 11, 15.1],
			"to": [7, 12, 15.9],
			"rotation": {"angle": 0, "axis": "y", "origin": [13, 9, 0]},
			"faces": {
				"north": {"uv": [12.5, 10, 13, 10.5], "texture": "#0"},
				"east": {"uv": [12.5, 10, 13, 10.5], "texture": "#0"},
				"south": {"uv": [12.5, 10, 13, 10.5], "texture": "#0"},
				"west": {"uv": [12.5, 10, 13, 10.5], "texture": "#0"},
				"up": {"uv": [12.5, 10, 13, 10.5], "texture": "#0"},
				"down": {"uv": [12.5, 10, 13, 10.5], "texture": "#0"}
			}
		},
		{
			"from": [9, 11, 15],
			"to": [10, 12, 16],
			"rotation": {"angle": 0, "axis": "y", "origin": [13, 9, 0]},
			"faces": {
				"north": {"uv": [11, 10, 11.5, 10.5], "texture": "#0"},
				"east": {"uv": [11, 10, 11.5, 10.5], "texture": "#0"},
				"south": {"uv": [11, 10, 11.5, 10.5], "texture": "#0"},
				"west": {"uv": [11, 10, 11.5, 10.5], "texture": "#0"},
				"up": {"uv": [11, 10, 11.5, 10.5], "texture": "#0"},
				"down": {"uv": [11, 10, 11.5, 10.5], "texture": "#0"}
			}
		},
		{
			"from": [10, 11, 15],
			"to": [11, 12, 16],
			"rotation": {"angle": 0, "axis": "y", "origin": [13, 9, 0]},
			"faces": {
				"north": {"uv": [10.5, 10, 11, 10.5], "texture": "#0"},
				"east": {"uv": [10.5, 10, 11, 10.5], "texture": "#0"},
				"south": {"uv": [10.5, 10, 11, 10.5], "texture": "#0"},
				"west": {"uv": [10.5, 10, 11, 10.5], "texture": "#0"},
				"up": {"uv": [10.5, 10, 11, 10.5], "texture": "#0"},
				"down": {"uv": [10.5, 10, 11, 10.5], "texture": "#0"}
			}
		},
		{
			"from": [11, 11, 15],
			"to": [12, 12, 16],
			"rotation": {"angle": 0, "axis": "y", "origin": [13, 9, 0]},
			"faces": {
				"north": {"uv": [10, 10, 10.5, 10.5], "texture": "#0"},
				"east": {"uv": [10, 10, 10.5, 10.5], "texture": "#0"},
				"south": {"uv": [10, 10, 10.5, 10.5], "texture": "#0"},
				"west": {"uv": [10, 10, 10.5, 10.5], "texture": "#0"},
				"up": {"uv": [10, 10, 10.5, 10.5], "texture": "#0"},
				"down": {"uv": [10, 10, 10.5, 10.5], "texture": "#0"}
			}
		},
		{
			"from": [12, 11, 15],
			"to": [13, 12, 16],
			"rotation": {"angle": 0, "axis": "y", "origin": [13, 9, 0]},
			"faces": {
				"north": {"uv": [9.5, 10, 10, 10.5], "texture": "#0"},
				"east": {"uv": [9.5, 10, 10, 10.5], "texture": "#0"},
				"south": {"uv": [9.5, 10, 10, 10.5], "texture": "#0"},
				"west": {"uv": [9.5, 10, 10, 10.5], "texture": "#0"},
				"up": {"uv": [9.5, 10, 10, 10.5], "texture": "#0"},
				"down": {"uv": [9.5, 10, 10, 10.5], "texture": "#0"}
			}
		},
		{
			"from": [4, 12, 15],
			"to": [5, 13, 16],
			"rotation": {"angle": 0, "axis": "y", "origin": [13, 9, 0]},
			"faces": {
				"north": {"uv": [13.5, 9.5, 14, 10], "texture": "#0"},
				"east": {"uv": [13.5, 9.5, 14, 10], "texture": "#0"},
				"south": {"uv": [13.5, 9.5, 14, 10], "texture": "#0"},
				"west": {"uv": [13.5, 9.5, 14, 10], "texture": "#0"},
				"up": {"uv": [13.5, 9.5, 14, 10], "texture": "#0"},
				"down": {"uv": [13.5, 9.5, 14, 10], "texture": "#0"}
			}
		},
		{
			"from": [5, 12, 15],
			"to": [6, 13, 16],
			"rotation": {"angle": 0, "axis": "y", "origin": [13, 9, 0]},
			"faces": {
				"north": {"uv": [13, 9.5, 13.5, 10], "texture": "#0"},
				"east": {"uv": [13, 9.5, 13.5, 10], "texture": "#0"},
				"south": {"uv": [13, 9.5, 13.5, 10], "texture": "#0"},
				"west": {"uv": [13, 9.5, 13.5, 10], "texture": "#0"},
				"up": {"uv": [13, 9.5, 13.5, 10], "texture": "#0"},
				"down": {"uv": [13, 9.5, 13.5, 10], "texture": "#0"}
			}
		},
		{
			"from": [6, 12, 15],
			"to": [7, 13, 16],
			"rotation": {"angle": 0, "axis": "y", "origin": [13, 9, 0]},
			"faces": {
				"north": {"uv": [12.5, 9.5, 13, 10], "texture": "#0"},
				"east": {"uv": [12.5, 9.5, 13, 10], "texture": "#0"},
				"south": {"uv": [12.5, 9.5, 13, 10], "texture": "#0"},
				"west": {"uv": [12.5, 9.5, 13, 10], "texture": "#0"},
				"up": {"uv": [12.5, 9.5, 13, 10], "texture": "#0"},
				"down": {"uv": [12.5, 9.5, 13, 10], "texture": "#0"}
			}
		},
		{
			"from": [7, 12, 15],
			"to": [8, 13, 16],
			"rotation": {"angle": 0, "axis": "y", "origin": [13, 9, 0]},
			"faces": {
				"north": {"uv": [12, 9.5, 12.5, 10], "texture": "#0"},
				"east": {"uv": [12, 9.5, 12.5, 10], "texture": "#0"},
				"south": {"uv": [12, 9.5, 12.5, 10], "texture": "#0"},
				"west": {"uv": [12, 9.5, 12.5, 10], "texture": "#0"},
				"up": {"uv": [12, 9.5, 12.5, 10], "texture": "#0"},
				"down": {"uv": [12, 9.5, 12.5, 10], "texture": "#0"}
			}
		},
		{
			"from": [8, 12, 15],
			"to": [9, 13, 16],
			"rotation": {"angle": 0, "axis": "y", "origin": [13, 9, 0]},
			"faces": {
				"north": {"uv": [11.5, 9.5, 12, 10], "texture": "#0"},
				"east": {"uv": [11.5, 9.5, 12, 10], "texture": "#0"},
				"south": {"uv": [11.5, 9.5, 12, 10], "texture": "#0"},
				"west": {"uv": [11.5, 9.5, 12, 10], "texture": "#0"},
				"up": {"uv": [11.5, 9.5, 12, 10], "texture": "#0"},
				"down": {"uv": [11.5, 9.5, 12, 10], "texture": "#0"}
			}
		},
		{
			"from": [9, 12, 15],
			"to": [10, 13, 16],
			"rotation": {"angle": 0, "axis": "y", "origin": [13, 9, 0]},
			"faces": {
				"north": {"uv": [11, 9.5, 11.5, 10], "texture": "#0"},
				"east": {"uv": [11, 9.5, 11.5, 10], "texture": "#0"},
				"south": {"uv": [11, 9.5, 11.5, 10], "texture": "#0"},
				"west": {"uv": [11, 9.5, 11.5, 10], "texture": "#0"},
				"up": {"uv": [11, 9.5, 11.5, 10], "texture": "#0"},
				"down": {"uv": [11, 9.5, 11.5, 10], "texture": "#0"}
			}
		},
		{
			"from": [10, 12, 15],
			"to": [11, 13, 16],
			"rotation": {"angle": 0, "axis": "y", "origin": [13, 9, 0]},
			"faces": {
				"north": {"uv": [10.5, 9.5, 11, 10], "texture": "#0"},
				"east": {"uv": [10.5, 9.5, 11, 10], "texture": "#0"},
				"south": {"uv": [10.5, 9.5, 11, 10], "texture": "#0"},
				"west": {"uv": [10.5, 9.5, 11, 10], "texture": "#0"},
				"up": {"uv": [10.5, 9.5, 11, 10], "texture": "#0"},
				"down": {"uv": [10.5, 9.5, 11, 10], "texture": "#0"}
			}
		},
		{
			"from": [11, 12, 15],
			"to": [12, 13, 16],
			"rotation": {"angle": 0, "axis": "y", "origin": [13, 9, 0]},
			"faces": {
				"north": {"uv": [10, 9.5, 10.5, 10], "texture": "#0"},
				"east": {"uv": [10, 9.5, 10.5, 10], "texture": "#0"},
				"south": {"uv": [10, 9.5, 10.5, 10], "texture": "#0"},
				"west": {"uv": [10, 9.5, 10.5, 10], "texture": "#0"},
				"up": {"uv": [10, 9.5, 10.5, 10], "texture": "#0"},
				"down": {"uv": [10, 9.5, 10.5, 10], "texture": "#0"}
			}
		},
		{
			"from": [12, 12, 15],
			"to": [13, 13, 16],
			"rotation": {"angle": 0, "axis": "y", "origin": [13, 9, 0]},
			"faces": {
				"north": {"uv": [9.5, 9.5, 10, 10], "texture": "#0"},
				"east": {"uv": [9.5, 9.5, 10, 10], "texture": "#0"},
				"south": {"uv": [9.5, 9.5, 10, 10], "texture": "#0"},
				"west": {"uv": [9.5, 9.5, 10, 10], "texture": "#0"},
				"up": {"uv": [9.5, 9.5, 10, 10], "texture": "#0"},
				"down": {"uv": [9.5, 9.5, 10, 10], "texture": "#0"}
			}
		},
		{
			"from": [4, 13, 15],
			"to": [5, 14, 16],
			"rotation": {"angle": 0, "axis": "y", "origin": [13, 9, 0]},
			"faces": {
				"north": {"uv": [13.5, 9, 14, 9.5], "texture": "#0"},
				"east": {"uv": [13.5, 9, 14, 9.5], "texture": "#0"},
				"south": {"uv": [13.5, 9, 14, 9.5], "texture": "#0"},
				"west": {"uv": [13.5, 9, 14, 9.5], "texture": "#0"},
				"up": {"uv": [13.5, 9, 14, 9.5], "texture": "#0"},
				"down": {"uv": [13.5, 9, 14, 9.5], "texture": "#0"}
			}
		},
		{
			"from": [5, 13, 15],
			"to": [6, 14, 16],
			"rotation": {"angle": 0, "axis": "y", "origin": [13, 9, 0]},
			"faces": {
				"north": {"uv": [13, 9, 13.5, 9.5], "texture": "#0"},
				"east": {"uv": [13, 9, 13.5, 9.5], "texture": "#0"},
				"south": {"uv": [13, 9, 13.5, 9.5], "texture": "#0"},
				"west": {"uv": [13, 9, 13.5, 9.5], "texture": "#0"},
				"up": {"uv": [13, 9, 13.5, 9.5], "texture": "#0"},
				"down": {"uv": [13, 9, 13.5, 9.5], "texture": "#0"}
			}
		},
		{
			"from": [6, 13, 15],
			"to": [7, 14, 16],
			"rotation": {"angle": 0, "axis": "y", "origin": [13, 9, 0]},
			"faces": {
				"north": {"uv": [12.5, 9, 13, 9.5], "texture": "#0"},
				"east": {"uv": [12.5, 9, 13, 9.5], "texture": "#0"},
				"south": {"uv": [12.5, 9, 13, 9.5], "texture": "#0"},
				"west": {"uv": [12.5, 9, 13, 9.5], "texture": "#0"},
				"up": {"uv": [12.5, 9, 13, 9.5], "texture": "#0"},
				"down": {"uv": [12.5, 9, 13, 9.5], "texture": "#0"}
			}
		},
		{
			"from": [7, 13, 15],
			"to": [8, 14, 16],
			"rotation": {"angle": 0, "axis": "y", "origin": [13, 9, 0]},
			"faces": {
				"north": {"uv": [12, 9, 12.5, 9.5], "texture": "#0"},
				"east": {"uv": [12, 9, 12.5, 9.5], "texture": "#0"},
				"south": {"uv": [12, 9, 12.5, 9.5], "texture": "#0"},
				"west": {"uv": [12, 9, 12.5, 9.5], "texture": "#0"},
				"up": {"uv": [12, 9, 12.5, 9.5], "texture": "#0"},
				"down": {"uv": [12, 9, 12.5, 9.5], "texture": "#0"}
			}
		},
		{
			"from": [8, 13, 15],
			"to": [9, 14, 16],
			"rotation": {"angle": 0, "axis": "y", "origin": [13, 9, 0]},
			"faces": {
				"north": {"uv": [11.5, 9, 12, 9.5], "texture": "#0"},
				"east": {"uv": [11.5, 9, 12, 9.5], "texture": "#0"},
				"south": {"uv": [11.5, 9, 12, 9.5], "texture": "#0"},
				"west": {"uv": [11.5, 9, 12, 9.5], "texture": "#0"},
				"up": {"uv": [11.5, 9, 12, 9.5], "texture": "#0"},
				"down": {"uv": [11.5, 9, 12, 9.5], "texture": "#0"}
			}
		},
		{
			"from": [9, 13, 15],
			"to": [10, 14, 16],
			"rotation": {"angle": 0, "axis": "y", "origin": [13, 9, 0]},
			"faces": {
				"north": {"uv": [11, 9, 11.5, 9.5], "texture": "#0"},
				"east": {"uv": [11, 9, 11.5, 9.5], "texture": "#0"},
				"south": {"uv": [11, 9, 11.5, 9.5], "texture": "#0"},
				"west": {"uv": [11, 9, 11.5, 9.5], "texture": "#0"},
				"up": {"uv": [11, 9, 11.5, 9.5], "texture": "#0"},
				"down": {"uv": [11, 9, 11.5, 9.5], "texture": "#0"}
			}
		},
		{
			"from": [10, 13, 15],
			"to": [11, 14, 16],
			"rotation": {"angle": 0, "axis": "y", "origin": [13, 9, 0]},
			"faces": {
				"north": {"uv": [10.5, 9, 11, 9.5], "texture": "#0"},
				"east": {"uv": [10.5, 9, 11, 9.5], "texture": "#0"},
				"south": {"uv": [10.5, 9, 11, 9.5], "texture": "#0"},
				"west": {"uv": [10.5, 9, 11, 9.5], "texture": "#0"},
				"up": {"uv": [10.5, 9, 11, 9.5], "texture": "#0"},
				"down": {"uv": [10.5, 9, 11, 9.5], "texture": "#0"}
			}
		},
		{
			"from": [11, 13, 15],
			"to": [12, 14, 16],
			"rotation": {"angle": 0, "axis": "y", "origin": [13, 9, 0]},
			"faces": {
				"north": {"uv": [10, 9, 10.5, 9.5], "texture": "#0"},
				"east": {"uv": [10, 9, 10.5, 9.5], "texture": "#0"},
				"south": {"uv": [10, 9, 10.5, 9.5], "texture": "#0"},
				"west": {"uv": [10, 9, 10.5, 9.5], "texture": "#0"},
				"up": {"uv": [10, 9, 10.5, 9.5], "texture": "#0"},
				"down": {"uv": [10, 9, 10.5, 9.5], "texture": "#0"}
			}
		},
		{
			"from": [12, 13, 15],
			"to": [13, 14, 16],
			"rotation": {"angle": 0, "axis": "y", "origin": [13, 9, 0]},
			"faces": {
				"north": {"uv": [9.5, 9, 10, 9.5], "texture": "#0"},
				"east": {"uv": [9.5, 9, 10, 9.5], "texture": "#0"},
				"south": {"uv": [9.5, 9, 10, 9.5], "texture": "#0"},
				"west": {"uv": [9.5, 9, 10, 9.5], "texture": "#0"},
				"up": {"uv": [9.5, 9, 10, 9.5], "texture": "#0"},
				"down": {"uv": [9.5, 9, 10, 9.5], "texture": "#0"}
			}
		},
		{
			"from": [4, 14, 15],
			"to": [5, 15, 16],
			"rotation": {"angle": 0, "axis": "y", "origin": [13, 9, 0]},
			"faces": {
				"north": {"uv": [13.5, 8.5, 14, 9], "texture": "#0"},
				"east": {"uv": [13.5, 8.5, 14, 9], "texture": "#0"},
				"south": {"uv": [13.5, 8.5, 14, 9], "texture": "#0"},
				"west": {"uv": [13.5, 8.5, 14, 9], "texture": "#0"},
				"up": {"uv": [13.5, 8.5, 14, 9], "texture": "#0"},
				"down": {"uv": [13.5, 8.5, 14, 9], "texture": "#0"}
			}
		},
		{
			"from": [6, 14, 15],
			"to": [7, 15, 16],
			"rotation": {"angle": 0, "axis": "y", "origin": [13, 9, 0]},
			"faces": {
				"north": {"uv": [12.5, 8.5, 13, 9], "texture": "#0"},
				"east": {"uv": [12.5, 8.5, 13, 9], "texture": "#0"},
				"south": {"uv": [12.5, 8.5, 13, 9], "texture": "#0"},
				"west": {"uv": [12.5, 8.5, 13, 9], "texture": "#0"},
				"up": {"uv": [12.5, 8.5, 13, 9], "texture": "#0"},
				"down": {"uv": [12.5, 8.5, 13, 9], "texture": "#0"}
			}
		},
		{
			"from": [7, 14, 15],
			"to": [8, 15, 16],
			"rotation": {"angle": 0, "axis": "y", "origin": [13, 9, 0]},
			"faces": {
				"north": {"uv": [12, 8.5, 12.5, 9], "texture": "#0"},
				"east": {"uv": [12, 8.5, 12.5, 9], "texture": "#0"},
				"south": {"uv": [12, 8.5, 12.5, 9], "texture": "#0"},
				"west": {"uv": [12, 8.5, 12.5, 9], "texture": "#0"},
				"up": {"uv": [12, 8.5, 12.5, 9], "texture": "#0"},
				"down": {"uv": [12, 8.5, 12.5, 9], "texture": "#0"}
			}
		},
		{
			"from": [8, 14, 15],
			"to": [9, 15, 16],
			"rotation": {"angle": 0, "axis": "y", "origin": [13, 9, 0]},
			"faces": {
				"north": {"uv": [11.5, 8.5, 12, 9], "texture": "#0"},
				"east": {"uv": [11.5, 8.5, 12, 9], "texture": "#0"},
				"south": {"uv": [11.5, 8.5, 12, 9], "texture": "#0"},
				"west": {"uv": [11.5, 8.5, 12, 9], "texture": "#0"},
				"up": {"uv": [11.5, 8.5, 12, 9], "texture": "#0"},
				"down": {"uv": [11.5, 8.5, 12, 9], "texture": "#0"}
			}
		}
	],
	"gui_light": "front",
	"display": {
		"thirdperson_righthand": {
			"rotation": [-42.25, 90, 0],
			"translation": [-6.5, 0.75, 3.25],
			"scale": [0.81445, 0.81445, 0.81445]
		},
		"thirdperson_lefthand": {
			"rotation": [-42.25, -90, 0],
			"translation": [5.75, 0.75, 3.25],
			"scale": [0.81445, 0.81445, 0.81445]
		},
		"firstperson_righthand": {
			"rotation": [-145.49, 66.51, 125.33],
			"translation": [-2.25, 2.75, 5.75],
			"scale": [0.69, 0.69, 0.69]
		},
		"firstperson_lefthand": {
			"rotation": [10.24, 69.11, -122.3],
			"translation": [-2.5, 1, 1.5],
			"scale": [0.69, 0.69, 0.69]
		},
		"ground": {
			"rotation": [90, 0, 0],
			"translation": [-3, 4.5, 0],
			"scale": [0.76172, 0.76172, 0.76172]
		},
		"gui": {
			"rotation": [170.74, 6.77, 166.7],
			"translation": [0.25, 1.75, 0],
			"scale": [0.79297, 0.79297, 0.79297]
		},
		"head": {
			"rotation": [0, 0, -15],
			"translation": [-5.75, -15.25, -4.75],
			"scale": [1.16797, 1.16797, 1.16797]
		},
		"fixed": {
			"translation": [-1.5, 0, -7.75]
		}
	}
}