{
	"credit": "Made with Blockbench",
	"textures": {
		"0": "Enhanced:item/scythe",
		"particle": "Enhanced:item/scythe"
	},
	"elements": [
		{
			"from": [14, 1, 0],
			"to": [15, 2, 1],
			"faces": {
				"north": {"uv": [0.64, 14.72, 1.28, 15.36], "texture": "#0"},
				"east": {"uv": [0.64, 14.72, 1.28, 15.36], "texture": "#0"},
				"south": {"uv": [0.64, 14.72, 1.28, 15.36], "texture": "#0"},
				"west": {"uv": [0.64, 14.72, 1.28, 15.36], "texture": "#0"},
				"up": {"uv": [0.64, 14.72, 1.28, 15.36], "texture": "#0"},
				"down": {"uv": [0.64, 14.72, 1.28, 15.36], "texture": "#0"}
			}
		},
		{
			"from": [13, 2, 0],
			"to": [14, 3, 1],
			"faces": {
				"north": {"uv": [1.28, 14.08, 1.92, 14.72], "texture": "#0"},
				"east": {"uv": [1.28, 14.08, 1.92, 14.72], "texture": "#0"},
				"south": {"uv": [1.28, 14.08, 1.92, 14.72], "texture": "#0"},
				"west": {"uv": [1.28, 14.08, 1.92, 14.72], "texture": "#0"},
				"up": {"uv": [1.28, 14.08, 1.92, 14.72], "texture": "#0"},
				"down": {"uv": [1.28, 14.08, 1.92, 14.72], "texture": "#0"}
			}
		},
		{
			"from": [11, 4, 0],
			"to": [12, 5, 1],
			"faces": {
				"north": {"uv": [2.56, 12.8, 3.2, 13.44], "texture": "#0"},
				"east": {"uv": [2.56, 12.8, 3.2, 13.44], "texture": "#0"},
				"south": {"uv": [2.56, 12.8, 3.2, 13.44], "texture": "#0"},
				"west": {"uv": [2.56, 12.8, 3.2, 13.44], "texture": "#0"},
				"up": {"uv": [2.56, 12.8, 3.2, 13.44], "texture": "#0"},
				"down": {"uv": [2.56, 12.8, 3.2, 13.44], "texture": "#0"}
			}
		},
		{
			"from": [10, 5, 0],
			"to": [11, 6, 1],
			"faces": {
				"north": {"uv": [3.2, 12.16, 3.84, 12.8], "texture": "#0"},
				"east": {"uv": [3.2, 12.16, 3.84, 12.8], "texture": "#0"},
				"south": {"uv": [3.2, 12.16, 3.84, 12.8], "texture": "#0"},
				"west": {"uv": [3.2, 12.16, 3.84, 12.8], "texture": "#0"},
				"up": {"uv": [3.2, 12.16, 3.84, 12.8], "texture": "#0"},
				"down": {"uv": [3.2, 12.16, 3.84, 12.8], "texture": "#0"}
			}
		},
		{
			"from": [9, 6, 0],
			"to": [10, 7, 1],
			"faces": {
				"north": {"uv": [3.84, 11.52, 4.48, 12.16], "texture": "#0"},
				"east": {"uv": [3.84, 11.52, 4.48, 12.16], "texture": "#0"},
				"south": {"uv": [3.84, 11.52, 4.48, 12.16], "texture": "#0"},
				"west": {"uv": [3.84, 11.52, 4.48, 12.16], "texture": "#0"},
				"up": {"uv": [3.84, 11.52, 4.48, 12.16], "texture": "#0"},
				"down": {"uv": [3.84, 11.52, 4.48, 12.16], "texture": "#0"}
			}
		},
		{
			"from": [6, 9, 0],
			"to": [7, 10, 1],
			"faces": {
				"north": {"uv": [5.76, 9.6, 6.4, 10.24], "texture": "#0"},
				"east": {"uv": [5.76, 9.6, 6.4, 10.24], "texture": "#0"},
				"south": {"uv": [5.76, 9.6, 6.4, 10.24], "texture": "#0"},
				"west": {"uv": [5.76, 9.6, 6.4, 10.24], "texture": "#0"},
				"up": {"uv": [5.76, 9.6, 6.4, 10.24], "texture": "#0"},
				"down": {"uv": [5.76, 9.6, 6.4, 10.24], "texture": "#0"}
			}
		},
		{
			"from": [7, 8, 0],
			"to": [8, 9, 1],
			"faces": {
				"north": {"uv": [5.12, 10.24, 5.76, 10.88], "texture": "#0"},
				"east": {"uv": [5.12, 10.24, 5.76, 10.88], "texture": "#0"},
				"south": {"uv": [5.12, 10.24, 5.76, 10.88], "texture": "#0"},
				"west": {"uv": [5.12, 10.24, 5.76, 10.88], "texture": "#0"},
				"up": {"uv": [5.12, 10.24, 5.76, 10.88], "texture": "#0"},
				"down": {"uv": [5.12, 10.24, 5.76, 10.88], "texture": "#0"}
			}
		},
		{
			"from": [8, 7, 0],
			"to": [9, 8, 1],
			"faces": {
				"north": {"uv": [4.48, 10.88, 5.12, 11.52], "texture": "#0"},
				"east": {"uv": [4.48, 10.88, 5.12, 11.52], "texture": "#0"},
				"south": {"uv": [4.48, 10.88, 5.12, 11.52], "texture": "#0"},
				"west": {"uv": [4.48, 10.88, 5.12, 11.52], "texture": "#0"},
				"up": {"uv": [4.48, 10.88, 5.12, 11.52], "texture": "#0"},
				"down": {"uv": [4.48, 10.88, 5.12, 11.52], "texture": "#0"}
			}
		},
		{
			"from": [3, 12, 0],
			"to": [4, 13, 1],
			"faces": {
				"north": {"uv": [7.68, 7.68, 8.32, 8.32], "texture": "#0"},
				"east": {"uv": [7.68, 7.68, 8.32, 8.32], "texture": "#0"},
				"south": {"uv": [7.68, 7.68, 8.32, 8.32], "texture": "#0"},
				"west": {"uv": [7.68, 7.68, 8.32, 8.32], "texture": "#0"},
				"up": {"uv": [7.68, 7.68, 8.32, 8.32], "texture": "#0"},
				"down": {"uv": [7.68, 7.68, 8.32, 8.32], "texture": "#0"}
			}
		},
		{
			"from": [4, 11, 0],
			"to": [5, 12, 1],
			"faces": {
				"north": {"uv": [7.04, 8.32, 7.68, 8.96], "texture": "#0"},
				"east": {"uv": [7.04, 8.32, 7.68, 8.96], "texture": "#0"},
				"south": {"uv": [7.04, 8.32, 7.68, 8.96], "texture": "#0"},
				"west": {"uv": [7.04, 8.32, 7.68, 8.96], "texture": "#0"},
				"up": {"uv": [7.04, 8.32, 7.68, 8.96], "texture": "#0"},
				"down": {"uv": [7.04, 8.32, 7.68, 8.96], "texture": "#0"}
			}
		},
		{
			"from": [5, 10, 0],
			"to": [6, 11, 1],
			"faces": {
				"north": {"uv": [6.4, 8.96, 7.04, 9.6], "texture": "#0"},
				"east": {"uv": [6.4, 8.96, 7.04, 9.6], "texture": "#0"},
				"south": {"uv": [6.4, 8.96, 7.04, 9.6], "texture": "#0"},
				"west": {"uv": [6.4, 8.96, 7.04, 9.6], "texture": "#0"},
				"up": {"uv": [6.4, 8.96, 7.04, 9.6], "texture": "#0"},
				"down": {"uv": [6.4, 8.96, 7.04, 9.6], "texture": "#0"}
			}
		},
		{
			"from": [0, 15, 0],
			"to": [1, 16, 1],
			"faces": {
				"north": {"uv": [9.6, 5.76, 10.24, 6.4], "texture": "#0"},
				"east": {"uv": [9.6, 5.76, 10.24, 6.4], "texture": "#0"},
				"south": {"uv": [9.6, 5.76, 10.24, 6.4], "texture": "#0"},
				"west": {"uv": [9.6, 5.76, 10.24, 6.4], "texture": "#0"},
				"up": {"uv": [9.6, 5.76, 10.24, 6.4], "texture": "#0"},
				"down": {"uv": [9.6, 5.76, 10.24, 6.4], "texture": "#0"}
			}
		},
		{
			"from": [1, 14, 0],
			"to": [2, 15, 1],
			"faces": {
				"north": {"uv": [8.96, 6.4, 9.6, 7.04], "texture": "#0"},
				"east": {"uv": [8.96, 6.4, 9.6, 7.04], "texture": "#0"},
				"south": {"uv": [8.96, 6.4, 9.6, 7.04], "texture": "#0"},
				"west": {"uv": [8.96, 6.4, 9.6, 7.04], "texture": "#0"},
				"up": {"uv": [8.96, 6.4, 9.6, 7.04], "texture": "#0"},
				"down": {"uv": [8.96, 6.4, 9.6, 7.04], "texture": "#0"}
			}
		},
		{
			"from": [2, 13, 0],
			"to": [3, 14, 1],
			"faces": {
				"north": {"uv": [8.32, 7.04, 8.96, 7.68], "texture": "#0"},
				"east": {"uv": [8.32, 7.04, 8.96, 7.68], "texture": "#0"},
				"south": {"uv": [8.32, 7.04, 8.96, 7.68], "texture": "#0"},
				"west": {"uv": [8.32, 7.04, 8.96, 7.68], "texture": "#0"},
				"up": {"uv": [8.32, 7.04, 8.96, 7.68], "texture": "#0"},
				"down": {"uv": [8.32, 7.04, 8.96, 7.68], "texture": "#0"}
			}
		},
		{
			"from": [12, 3, 0],
			"to": [13, 4, 1],
			"faces": {
				"north": {"uv": [1.92, 13.44, 2.56, 14.08], "texture": "#0"},
				"east": {"uv": [1.92, 13.44, 2.56, 14.08], "texture": "#0"},
				"south": {"uv": [1.92, 13.44, 2.56, 14.08], "texture": "#0"},
				"west": {"uv": [1.92, 13.44, 2.56, 14.08], "texture": "#0"},
				"up": {"uv": [1.92, 13.44, 2.56, 14.08], "texture": "#0"},
				"down": {"uv": [1.92, 13.44, 2.56, 14.08], "texture": "#0"}
			}
		},
		{
			"from": [13, 1, 0],
			"to": [14, 2, 1],
			"faces": {
				"north": {"uv": [1.28, 14.72, 1.92, 15.36], "texture": "#0"},
				"east": {"uv": [1.28, 14.72, 1.92, 15.36], "texture": "#0"},
				"south": {"uv": [1.28, 14.72, 1.92, 15.36], "texture": "#0"},
				"west": {"uv": [1.28, 14.72, 1.92, 15.36], "texture": "#0"},
				"up": {"uv": [1.28, 14.72, 1.92, 15.36], "texture": "#0"},
				"down": {"uv": [1.28, 14.72, 1.92, 15.36], "texture": "#0"}
			}
		},
		{
			"from": [11, 3, 0],
			"to": [12, 4, 1],
			"faces": {
				"north": {"uv": [2.56, 13.44, 3.2, 14.08], "texture": "#0"},
				"east": {"uv": [2.56, 13.44, 3.2, 14.08], "texture": "#0"},
				"south": {"uv": [2.56, 13.44, 3.2, 14.08], "texture": "#0"},
				"west": {"uv": [2.56, 13.44, 3.2, 14.08], "texture": "#0"},
				"up": {"uv": [2.56, 13.44, 3.2, 14.08], "texture": "#0"},
				"down": {"uv": [2.56, 13.44, 3.2, 14.08], "texture": "#0"}
			}
		},
		{
			"from": [12, 2, 0],
			"to": [13, 3, 1],
			"faces": {
				"north": {"uv": [1.92, 14.08, 2.56, 14.72], "texture": "#0"},
				"east": {"uv": [1.92, 14.08, 2.56, 14.72], "texture": "#0"},
				"south": {"uv": [1.92, 14.08, 2.56, 14.72], "texture": "#0"},
				"west": {"uv": [1.92, 14.08, 2.56, 14.72], "texture": "#0"},
				"up": {"uv": [1.92, 14.08, 2.56, 14.72], "texture": "#0"},
				"down": {"uv": [1.92, 14.08, 2.56, 14.72], "texture": "#0"}
			}
		},
		{
			"from": [10, 4, 0],
			"to": [11, 5, 1],
			"faces": {
				"north": {"uv": [3.2, 12.8, 3.84, 13.44], "texture": "#0"},
				"east": {"uv": [3.2, 12.8, 3.84, 13.44], "texture": "#0"},
				"south": {"uv": [3.2, 12.8, 3.84, 13.44], "texture": "#0"},
				"west": {"uv": [3.2, 12.8, 3.84, 13.44], "texture": "#0"},
				"up": {"uv": [3.2, 12.8, 3.84, 13.44], "texture": "#0"},
				"down": {"uv": [3.2, 12.8, 3.84, 13.44], "texture": "#0"}
			}
		},
		{
			"from": [9, 5, 0],
			"to": [10, 6, 1],
			"faces": {
				"north": {"uv": [3.84, 12.16, 4.48, 12.8], "texture": "#0"},
				"east": {"uv": [3.84, 12.16, 4.48, 12.8], "texture": "#0"},
				"south": {"uv": [3.84, 12.16, 4.48, 12.8], "texture": "#0"},
				"west": {"uv": [3.84, 12.16, 4.48, 12.8], "texture": "#0"},
				"up": {"uv": [3.84, 12.16, 4.48, 12.8], "texture": "#0"},
				"down": {"uv": [3.84, 12.16, 4.48, 12.8], "texture": "#0"}
			}
		},
		{
			"from": [8, 6, 0],
			"to": [9, 7, 1],
			"faces": {
				"north": {"uv": [4.48, 11.52, 5.12, 12.16], "texture": "#0"},
				"east": {"uv": [4.48, 11.52, 5.12, 12.16], "texture": "#0"},
				"south": {"uv": [4.48, 11.52, 5.12, 12.16], "texture": "#0"},
				"west": {"uv": [4.48, 11.52, 5.12, 12.16], "texture": "#0"},
				"up": {"uv": [4.48, 11.52, 5.12, 12.16], "texture": "#0"},
				"down": {"uv": [4.48, 11.52, 5.12, 12.16], "texture": "#0"}
			}
		},
		{
			"from": [7, 7, 0],
			"to": [8, 8, 1],
			"faces": {
				"north": {"uv": [5.12, 10.88, 5.76, 11.52], "texture": "#0"},
				"east": {"uv": [5.12, 10.88, 5.76, 11.52], "texture": "#0"},
				"south": {"uv": [5.12, 10.88, 5.76, 11.52], "texture": "#0"},
				"west": {"uv": [5.12, 10.88, 5.76, 11.52], "texture": "#0"},
				"up": {"uv": [5.12, 10.88, 5.76, 11.52], "texture": "#0"},
				"down": {"uv": [5.12, 10.88, 5.76, 11.52], "texture": "#0"}
			}
		},
		{
			"from": [6, 8, 0],
			"to": [7, 9, 1],
			"faces": {
				"north": {"uv": [5.76, 10.24, 6.4, 10.88], "texture": "#0"},
				"east": {"uv": [5.76, 10.24, 6.4, 10.88], "texture": "#0"},
				"south": {"uv": [5.76, 10.24, 6.4, 10.88], "texture": "#0"},
				"west": {"uv": [5.76, 10.24, 6.4, 10.88], "texture": "#0"},
				"up": {"uv": [5.76, 10.24, 6.4, 10.88], "texture": "#0"},
				"down": {"uv": [5.76, 10.24, 6.4, 10.88], "texture": "#0"}
			}
		},
		{
			"from": [5, 9, 0],
			"to": [6, 10, 1],
			"faces": {
				"north": {"uv": [6.4, 9.6, 7.04, 10.24], "texture": "#0"},
				"east": {"uv": [6.4, 9.6, 7.04, 10.24], "texture": "#0"},
				"south": {"uv": [6.4, 9.6, 7.04, 10.24], "texture": "#0"},
				"west": {"uv": [6.4, 9.6, 7.04, 10.24], "texture": "#0"},
				"up": {"uv": [6.4, 9.6, 7.04, 10.24], "texture": "#0"},
				"down": {"uv": [6.4, 9.6, 7.04, 10.24], "texture": "#0"}
			}
		},
		{
			"from": [4, 10, 0],
			"to": [5, 11, 1],
			"faces": {
				"north": {"uv": [7.04, 8.96, 7.68, 9.6], "texture": "#0"},
				"east": {"uv": [7.04, 8.96, 7.68, 9.6], "texture": "#0"},
				"south": {"uv": [7.04, 8.96, 7.68, 9.6], "texture": "#0"},
				"west": {"uv": [7.04, 8.96, 7.68, 9.6], "texture": "#0"},
				"up": {"uv": [7.04, 8.96, 7.68, 9.6], "texture": "#0"},
				"down": {"uv": [7.04, 8.96, 7.68, 9.6], "texture": "#0"}
			}
		},
		{
			"from": [3, 11, 0],
			"to": [4, 12, 1],
			"faces": {
				"north": {"uv": [7.68, 8.32, 8.32, 8.96], "texture": "#0"},
				"east": {"uv": [7.68, 8.32, 8.32, 8.96], "texture": "#0"},
				"south": {"uv": [7.68, 8.32, 8.32, 8.96], "texture": "#0"},
				"west": {"uv": [7.68, 8.32, 8.32, 8.96], "texture": "#0"},
				"up": {"uv": [7.68, 8.32, 8.32, 8.96], "texture": "#0"},
				"down": {"uv": [7.68, 8.32, 8.32, 8.96], "texture": "#0"}
			}
		},
		{
			"from": [2, 12, 0],
			"to": [3, 13, 1],
			"faces": {
				"north": {"uv": [8.32, 7.68, 8.96, 8.32], "texture": "#0"},
				"east": {"uv": [8.32, 7.68, 8.96, 8.32], "texture": "#0"},
				"south": {"uv": [8.32, 7.68, 8.96, 8.32], "texture": "#0"},
				"west": {"uv": [8.32, 7.68, 8.96, 8.32], "texture": "#0"},
				"up": {"uv": [8.32, 7.68, 8.96, 8.32], "texture": "#0"},
				"down": {"uv": [8.32, 7.68, 8.96, 8.32], "texture": "#0"}
			}
		},
		{
			"from": [1, 13, 0],
			"to": [2, 14, 1],
			"faces": {
				"north": {"uv": [8.96, 7.04, 9.6, 7.68], "texture": "#0"},
				"east": {"uv": [8.96, 7.04, 9.6, 7.68], "texture": "#0"},
				"south": {"uv": [8.96, 7.04, 9.6, 7.68], "texture": "#0"},
				"west": {"uv": [8.96, 7.04, 9.6, 7.68], "texture": "#0"},
				"up": {"uv": [8.96, 7.04, 9.6, 7.68], "texture": "#0"},
				"down": {"uv": [8.96, 7.04, 9.6, 7.68], "texture": "#0"}
			}
		},
		{
			"from": [0, 14, 0],
			"to": [1, 15, 1],
			"faces": {
				"north": {"uv": [9.6, 6.4, 10.24, 7.04], "texture": "#0"},
				"east": {"uv": [9.6, 6.4, 10.24, 7.04], "texture": "#0"},
				"south": {"uv": [9.6, 6.4, 10.24, 7.04], "texture": "#0"},
				"west": {"uv": [9.6, 6.4, 10.24, 7.04], "texture": "#0"},
				"up": {"uv": [9.6, 6.4, 10.24, 7.04], "texture": "#0"},
				"down": {"uv": [9.6, 6.4, 10.24, 7.04], "texture": "#0"}
			}
		},
		{
			"from": [13, 0, 0],
			"to": [14, 1, 1],
			"faces": {
				"north": {"uv": [1.28, 15.36, 1.92, 16], "texture": "#0"},
				"east": {"uv": [1.28, 15.36, 1.92, 16], "texture": "#0"},
				"south": {"uv": [1.28, 15.36, 1.92, 16], "texture": "#0"},
				"west": {"uv": [1.28, 15.36, 1.92, 16], "texture": "#0"},
				"up": {"uv": [1.28, 15.36, 1.92, 16], "texture": "#0"},
				"down": {"uv": [1.28, 15.36, 1.92, 16], "texture": "#0"}
			}
		},
		{
			"from": [11, 2, 0],
			"to": [12, 3, 1],
			"faces": {
				"north": {"uv": [2.56, 14.08, 3.2, 14.72], "texture": "#0"},
				"east": {"uv": [2.56, 14.08, 3.2, 14.72], "texture": "#0"},
				"south": {"uv": [2.56, 14.08, 3.2, 14.72], "texture": "#0"},
				"west": {"uv": [2.56, 14.08, 3.2, 14.72], "texture": "#0"},
				"up": {"uv": [2.56, 14.08, 3.2, 14.72], "texture": "#0"},
				"down": {"uv": [2.56, 14.08, 3.2, 14.72], "texture": "#0"}
			}
		},
		{
			"from": [12, 1, 0],
			"to": [13, 2, 1],
			"faces": {
				"north": {"uv": [1.92, 14.72, 2.56, 15.36], "texture": "#0"},
				"east": {"uv": [1.92, 14.72, 2.56, 15.36], "texture": "#0"},
				"south": {"uv": [1.92, 14.72, 2.56, 15.36], "texture": "#0"},
				"west": {"uv": [1.92, 14.72, 2.56, 15.36], "texture": "#0"},
				"up": {"uv": [1.92, 14.72, 2.56, 15.36], "texture": "#0"},
				"down": {"uv": [1.92, 14.72, 2.56, 15.36], "texture": "#0"}
			}
		},
		{
			"from": [10, 3, 0],
			"to": [11, 4, 1],
			"faces": {
				"north": {"uv": [3.2, 13.44, 3.84, 14.08], "texture": "#0"},
				"east": {"uv": [3.2, 13.44, 3.84, 14.08], "texture": "#0"},
				"south": {"uv": [3.2, 13.44, 3.84, 14.08], "texture": "#0"},
				"west": {"uv": [3.2, 13.44, 3.84, 14.08], "texture": "#0"},
				"up": {"uv": [3.2, 13.44, 3.84, 14.08], "texture": "#0"},
				"down": {"uv": [3.2, 13.44, 3.84, 14.08], "texture": "#0"}
			}
		},
		{
			"from": [9, 4, 0],
			"to": [10, 5, 1],
			"faces": {
				"north": {"uv": [3.84, 12.8, 4.48, 13.44], "texture": "#0"},
				"east": {"uv": [3.84, 12.8, 4.48, 13.44], "texture": "#0"},
				"south": {"uv": [3.84, 12.8, 4.48, 13.44], "texture": "#0"},
				"west": {"uv": [3.84, 12.8, 4.48, 13.44], "texture": "#0"},
				"up": {"uv": [3.84, 12.8, 4.48, 13.44], "texture": "#0"},
				"down": {"uv": [3.84, 12.8, 4.48, 13.44], "texture": "#0"}
			}
		},
		{
			"from": [8, 5, 0],
			"to": [9, 6, 1],
			"faces": {
				"north": {"uv": [4.48, 12.16, 5.12, 12.8], "texture": "#0"},
				"east": {"uv": [4.48, 12.16, 5.12, 12.8], "texture": "#0"},
				"south": {"uv": [4.48, 12.16, 5.12, 12.8], "texture": "#0"},
				"west": {"uv": [4.48, 12.16, 5.12, 12.8], "texture": "#0"},
				"up": {"uv": [4.48, 12.16, 5.12, 12.8], "texture": "#0"},
				"down": {"uv": [4.48, 12.16, 5.12, 12.8], "texture": "#0"}
			}
		},
		{
			"from": [7, 6, 0],
			"to": [8, 7, 1],
			"faces": {
				"north": {"uv": [5.12, 11.52, 5.76, 12.16], "texture": "#0"},
				"east": {"uv": [5.12, 11.52, 5.76, 12.16], "texture": "#0"},
				"south": {"uv": [5.12, 11.52, 5.76, 12.16], "texture": "#0"},
				"west": {"uv": [5.12, 11.52, 5.76, 12.16], "texture": "#0"},
				"up": {"uv": [5.12, 11.52, 5.76, 12.16], "texture": "#0"},
				"down": {"uv": [5.12, 11.52, 5.76, 12.16], "texture": "#0"}
			}
		},
		{
			"from": [6, 7, 0],
			"to": [7, 8, 1],
			"faces": {
				"north": {"uv": [5.76, 10.88, 6.4, 11.52], "texture": "#0"},
				"east": {"uv": [5.76, 10.88, 6.4, 11.52], "texture": "#0"},
				"south": {"uv": [5.76, 10.88, 6.4, 11.52], "texture": "#0"},
				"west": {"uv": [5.76, 10.88, 6.4, 11.52], "texture": "#0"},
				"up": {"uv": [5.76, 10.88, 6.4, 11.52], "texture": "#0"},
				"down": {"uv": [5.76, 10.88, 6.4, 11.52], "texture": "#0"}
			}
		},
		{
			"from": [5, 8, 0],
			"to": [6, 9, 1],
			"faces": {
				"north": {"uv": [6.4, 10.24, 7.04, 10.88], "texture": "#0"},
				"east": {"uv": [6.4, 10.24, 7.04, 10.88], "texture": "#0"},
				"south": {"uv": [6.4, 10.24, 7.04, 10.88], "texture": "#0"},
				"west": {"uv": [6.4, 10.24, 7.04, 10.88], "texture": "#0"},
				"up": {"uv": [6.4, 10.24, 7.04, 10.88], "texture": "#0"},
				"down": {"uv": [6.4, 10.24, 7.04, 10.88], "texture": "#0"}
			}
		},
		{
			"from": [4, 9, 0],
			"to": [5, 10, 1],
			"faces": {
				"north": {"uv": [7.04, 9.6, 7.68, 10.24], "texture": "#0"},
				"east": {"uv": [7.04, 9.6, 7.68, 10.24], "texture": "#0"},
				"south": {"uv": [7.04, 9.6, 7.68, 10.24], "texture": "#0"},
				"west": {"uv": [7.04, 9.6, 7.68, 10.24], "texture": "#0"},
				"up": {"uv": [7.04, 9.6, 7.68, 10.24], "texture": "#0"},
				"down": {"uv": [7.04, 9.6, 7.68, 10.24], "texture": "#0"}
			}
		},
		{
			"from": [3, 10, 0],
			"to": [4, 11, 1],
			"faces": {
				"north": {"uv": [7.68, 8.96, 8.32, 9.6], "texture": "#0"},
				"east": {"uv": [7.68, 8.96, 8.32, 9.6], "texture": "#0"},
				"south": {"uv": [7.68, 8.96, 8.32, 9.6], "texture": "#0"},
				"west": {"uv": [7.68, 8.96, 8.32, 9.6], "texture": "#0"},
				"up": {"uv": [7.68, 8.96, 8.32, 9.6], "texture": "#0"},
				"down": {"uv": [7.68, 8.96, 8.32, 9.6], "texture": "#0"}
			}
		},
		{
			"from": [2, 11, 0],
			"to": [3, 12, 1],
			"faces": {
				"north": {"uv": [8.32, 8.32, 8.96, 8.96], "texture": "#0"},
				"east": {"uv": [8.32, 8.32, 8.96, 8.96], "texture": "#0"},
				"south": {"uv": [8.32, 8.32, 8.96, 8.96], "texture": "#0"},
				"west": {"uv": [8.32, 8.32, 8.96, 8.96], "texture": "#0"},
				"up": {"uv": [8.32, 8.32, 8.96, 8.96], "texture": "#0"},
				"down": {"uv": [8.32, 8.32, 8.96, 8.96], "texture": "#0"}
			}
		},
		{
			"from": [1, 12, 0],
			"to": [2, 13, 1],
			"faces": {
				"north": {"uv": [8.96, 7.68, 9.6, 8.32], "texture": "#0"},
				"east": {"uv": [8.96, 7.68, 9.6, 8.32], "texture": "#0"},
				"south": {"uv": [8.96, 7.68, 9.6, 8.32], "texture": "#0"},
				"west": {"uv": [8.96, 7.68, 9.6, 8.32], "texture": "#0"},
				"up": {"uv": [8.96, 7.68, 9.6, 8.32], "texture": "#0"},
				"down": {"uv": [8.96, 7.68, 9.6, 8.32], "texture": "#0"}
			}
		},
		{
			"from": [0, 11, 0],
			"to": [1, 12, 1],
			"faces": {
				"north": {"uv": [9.6, 8.32, 10.24, 8.96], "texture": "#0"},
				"east": {"uv": [9.6, 8.32, 10.24, 8.96], "texture": "#0"},
				"south": {"uv": [9.6, 8.32, 10.24, 8.96], "texture": "#0"},
				"west": {"uv": [9.6, 8.32, 10.24, 8.96], "texture": "#0"},
				"up": {"uv": [9.6, 8.32, 10.24, 8.96], "texture": "#0"},
				"down": {"uv": [9.6, 8.32, 10.24, 8.96], "texture": "#0"}
			}
		},
		{
			"from": [1, 11, 0],
			"to": [2, 12, 1],
			"faces": {
				"north": {"uv": [8.96, 8.32, 9.6, 8.96], "texture": "#0"},
				"east": {"uv": [8.96, 8.32, 9.6, 8.96], "texture": "#0"},
				"south": {"uv": [8.96, 8.32, 9.6, 8.96], "texture": "#0"},
				"west": {"uv": [8.96, 8.32, 9.6, 8.96], "texture": "#0"},
				"up": {"uv": [8.96, 8.32, 9.6, 8.96], "texture": "#0"},
				"down": {"uv": [8.96, 8.32, 9.6, 8.96], "texture": "#0"}
			}
		},
		{
			"from": [1, 10, 0],
			"to": [2, 11, 1],
			"faces": {
				"north": {"uv": [8.96, 8.96, 9.6, 9.6], "texture": "#0"},
				"east": {"uv": [8.96, 8.96, 9.6, 9.6], "texture": "#0"},
				"south": {"uv": [8.96, 8.96, 9.6, 9.6], "texture": "#0"},
				"west": {"uv": [8.96, 8.96, 9.6, 9.6], "texture": "#0"},
				"up": {"uv": [8.96, 8.96, 9.6, 9.6], "texture": "#0"},
				"down": {"uv": [8.96, 8.96, 9.6, 9.6], "texture": "#0"}
			}
		},
		{
			"from": [-1, 10, 0],
			"to": [0, 11, 1],
			"faces": {
				"north": {"uv": [10.24, 8.96, 10.88, 9.6], "texture": "#0"},
				"east": {"uv": [10.24, 8.96, 10.88, 9.6], "texture": "#0"},
				"south": {"uv": [10.24, 8.96, 10.88, 9.6], "texture": "#0"},
				"west": {"uv": [10.24, 8.96, 10.88, 9.6], "texture": "#0"},
				"up": {"uv": [10.24, 8.96, 10.88, 9.6], "texture": "#0"},
				"down": {"uv": [10.24, 8.96, 10.88, 9.6], "texture": "#0"}
			}
		},
		{
			"from": [0, 10, 0],
			"to": [1, 11, 1],
			"faces": {
				"north": {"uv": [9.6, 8.96, 10.24, 9.6], "texture": "#0"},
				"east": {"uv": [9.6, 8.96, 10.24, 9.6], "texture": "#0"},
				"south": {"uv": [9.6, 8.96, 10.24, 9.6], "texture": "#0"},
				"west": {"uv": [9.6, 8.96, 10.24, 9.6], "texture": "#0"},
				"up": {"uv": [9.6, 8.96, 10.24, 9.6], "texture": "#0"},
				"down": {"uv": [9.6, 8.96, 10.24, 9.6], "texture": "#0"}
			}
		},
		{
			"from": [0, 9, 0],
			"to": [1, 10, 1],
			"faces": {
				"north": {"uv": [9.6, 9.6, 10.24, 10.24], "texture": "#0"},
				"east": {"uv": [9.6, 9.6, 10.24, 10.24], "texture": "#0"},
				"south": {"uv": [9.6, 9.6, 10.24, 10.24], "texture": "#0"},
				"west": {"uv": [9.6, 9.6, 10.24, 10.24], "texture": "#0"},
				"up": {"uv": [9.6, 9.6, 10.24, 10.24], "texture": "#0"},
				"down": {"uv": [9.6, 9.6, 10.24, 10.24], "texture": "#0"}
			}
		},
		{
			"from": [-2, 9, 0],
			"to": [-1, 10, 1],
			"faces": {
				"north": {"uv": [10.88, 9.6, 11.52, 10.24], "texture": "#0"},
				"east": {"uv": [10.88, 9.6, 11.52, 10.24], "texture": "#0"},
				"south": {"uv": [10.88, 9.6, 11.52, 10.24], "texture": "#0"},
				"west": {"uv": [10.88, 9.6, 11.52, 10.24], "texture": "#0"},
				"up": {"uv": [10.88, 9.6, 11.52, 10.24], "texture": "#0"},
				"down": {"uv": [10.88, 9.6, 11.52, 10.24], "texture": "#0"}
			}
		},
		{
			"from": [-1, 9, 0],
			"to": [0, 10, 1],
			"faces": {
				"north": {"uv": [10.24, 9.6, 10.88, 10.24], "texture": "#0"},
				"east": {"uv": [10.24, 9.6, 10.88, 10.24], "texture": "#0"},
				"south": {"uv": [10.24, 9.6, 10.88, 10.24], "texture": "#0"},
				"west": {"uv": [10.24, 9.6, 10.88, 10.24], "texture": "#0"},
				"up": {"uv": [10.24, 9.6, 10.88, 10.24], "texture": "#0"},
				"down": {"uv": [10.24, 9.6, 10.88, 10.24], "texture": "#0"}
			}
		},
		{
			"from": [-1, 8, 0],
			"to": [0, 9, 1],
			"faces": {
				"north": {"uv": [10.24, 10.24, 10.88, 10.88], "texture": "#0"},
				"east": {"uv": [10.24, 10.24, 10.88, 10.88], "texture": "#0"},
				"south": {"uv": [10.24, 10.24, 10.88, 10.88], "texture": "#0"},
				"west": {"uv": [10.24, 10.24, 10.88, 10.88], "texture": "#0"},
				"up": {"uv": [10.24, 10.24, 10.88, 10.88], "texture": "#0"},
				"down": {"uv": [10.24, 10.24, 10.88, 10.88], "texture": "#0"}
			}
		},
		{
			"from": [0, 13, 0],
			"to": [1, 14, 1],
			"faces": {
				"north": {"uv": [9.6, 7.04, 10.24, 7.68], "texture": "#0"},
				"east": {"uv": [9.6, 7.04, 10.24, 7.68], "texture": "#0"},
				"south": {"uv": [9.6, 7.04, 10.24, 7.68], "texture": "#0"},
				"west": {"uv": [9.6, 7.04, 10.24, 7.68], "texture": "#0"},
				"up": {"uv": [9.6, 7.04, 10.24, 7.68], "texture": "#0"},
				"down": {"uv": [9.6, 7.04, 10.24, 7.68], "texture": "#0"}
			}
		},
		{
			"from": [-1, 14, 0],
			"to": [0, 15, 1],
			"faces": {
				"north": {"uv": [10.24, 6.4, 10.88, 7.04], "texture": "#0"},
				"east": {"uv": [10.24, 6.4, 10.88, 7.04], "texture": "#0"},
				"south": {"uv": [10.24, 6.4, 10.88, 7.04], "texture": "#0"},
				"west": {"uv": [10.24, 6.4, 10.88, 7.04], "texture": "#0"},
				"up": {"uv": [10.24, 6.4, 10.88, 7.04], "texture": "#0"},
				"down": {"uv": [10.24, 6.4, 10.88, 7.04], "texture": "#0"}
			}
		},
		{
			"from": [-1, 15, 0],
			"to": [0, 16, 1],
			"faces": {
				"north": {"uv": [10.24, 5.76, 10.88, 6.4], "texture": "#0"},
				"east": {"uv": [10.24, 5.76, 10.88, 6.4], "texture": "#0"},
				"south": {"uv": [10.24, 5.76, 10.88, 6.4], "texture": "#0"},
				"west": {"uv": [10.24, 5.76, 10.88, 6.4], "texture": "#0"},
				"up": {"uv": [10.24, 5.76, 10.88, 6.4], "texture": "#0"},
				"down": {"uv": [10.24, 5.76, 10.88, 6.4], "texture": "#0"}
			}
		},
		{
			"from": [-1, 13, 0],
			"to": [0, 14, 1],
			"faces": {
				"north": {"uv": [10.24, 7.04, 10.88, 7.68], "texture": "#0"},
				"east": {"uv": [10.24, 7.04, 10.88, 7.68], "texture": "#0"},
				"south": {"uv": [10.24, 7.04, 10.88, 7.68], "texture": "#0"},
				"west": {"uv": [10.24, 7.04, 10.88, 7.68], "texture": "#0"},
				"up": {"uv": [10.24, 7.04, 10.88, 7.68], "texture": "#0"},
				"down": {"uv": [10.24, 7.04, 10.88, 7.68], "texture": "#0"}
			}
		},
		{
			"from": [-2, 14, 0],
			"to": [-1, 15, 1],
			"faces": {
				"north": {"uv": [10.88, 6.4, 11.52, 7.04], "texture": "#0"},
				"east": {"uv": [10.88, 6.4, 11.52, 7.04], "texture": "#0"},
				"south": {"uv": [10.88, 6.4, 11.52, 7.04], "texture": "#0"},
				"west": {"uv": [10.88, 6.4, 11.52, 7.04], "texture": "#0"},
				"up": {"uv": [10.88, 6.4, 11.52, 7.04], "texture": "#0"},
				"down": {"uv": [10.88, 6.4, 11.52, 7.04], "texture": "#0"}
			}
		},
		{
			"from": [-2, 15, 0],
			"to": [-1, 16, 1],
			"faces": {
				"north": {"uv": [10.88, 5.76, 11.52, 6.4], "texture": "#0"},
				"east": {"uv": [10.88, 5.76, 11.52, 6.4], "texture": "#0"},
				"south": {"uv": [10.88, 5.76, 11.52, 6.4], "texture": "#0"},
				"west": {"uv": [10.88, 5.76, 11.52, 6.4], "texture": "#0"},
				"up": {"uv": [10.88, 5.76, 11.52, 6.4], "texture": "#0"},
				"down": {"uv": [10.88, 5.76, 11.52, 6.4], "texture": "#0"}
			}
		},
		{
			"from": [-2, 13, 0],
			"to": [-1, 14, 1],
			"faces": {
				"north": {"uv": [10.88, 7.04, 11.52, 7.68], "texture": "#0"},
				"east": {"uv": [10.88, 7.04, 11.52, 7.68], "texture": "#0"},
				"south": {"uv": [10.88, 7.04, 11.52, 7.68], "texture": "#0"},
				"west": {"uv": [10.88, 7.04, 11.52, 7.68], "texture": "#0"},
				"up": {"uv": [10.88, 7.04, 11.52, 7.68], "texture": "#0"},
				"down": {"uv": [10.88, 7.04, 11.52, 7.68], "texture": "#0"}
			}
		},
		{
			"from": [-3, 15, 0],
			"to": [-2, 16, 1],
			"faces": {
				"north": {"uv": [11.52, 5.76, 12.16, 6.4], "texture": "#0"},
				"east": {"uv": [11.52, 5.76, 12.16, 6.4], "texture": "#0"},
				"south": {"uv": [11.52, 5.76, 12.16, 6.4], "texture": "#0"},
				"west": {"uv": [11.52, 5.76, 12.16, 6.4], "texture": "#0"},
				"up": {"uv": [11.52, 5.76, 12.16, 6.4], "texture": "#0"},
				"down": {"uv": [11.52, 5.76, 12.16, 6.4], "texture": "#0"}
			}
		},
		{
			"from": [-3, 16, 0],
			"to": [-2, 17, 1],
			"faces": {
				"north": {"uv": [11.52, 5.12, 12.16, 5.76], "texture": "#0"},
				"east": {"uv": [11.52, 5.12, 12.16, 5.76], "texture": "#0"},
				"south": {"uv": [11.52, 5.12, 12.16, 5.76], "texture": "#0"},
				"west": {"uv": [11.52, 5.12, 12.16, 5.76], "texture": "#0"},
				"up": {"uv": [11.52, 5.12, 12.16, 5.76], "texture": "#0"},
				"down": {"uv": [11.52, 5.12, 12.16, 5.76], "texture": "#0"}
			}
		},
		{
			"from": [-3, 14, 0],
			"to": [-2, 15, 1],
			"faces": {
				"north": {"uv": [11.52, 6.4, 12.16, 7.04], "texture": "#0"},
				"east": {"uv": [11.52, 6.4, 12.16, 7.04], "texture": "#0"},
				"south": {"uv": [11.52, 6.4, 12.16, 7.04], "texture": "#0"},
				"west": {"uv": [11.52, 6.4, 12.16, 7.04], "texture": "#0"},
				"up": {"uv": [11.52, 6.4, 12.16, 7.04], "texture": "#0"},
				"down": {"uv": [11.52, 6.4, 12.16, 7.04], "texture": "#0"}
			}
		},
		{
			"from": [-4, 15, 0],
			"to": [-3, 16, 1],
			"faces": {
				"north": {"uv": [12.16, 5.76, 12.8, 6.4], "texture": "#0"},
				"east": {"uv": [12.16, 5.76, 12.8, 6.4], "texture": "#0"},
				"south": {"uv": [12.16, 5.76, 12.8, 6.4], "texture": "#0"},
				"west": {"uv": [12.16, 5.76, 12.8, 6.4], "texture": "#0"},
				"up": {"uv": [12.16, 5.76, 12.8, 6.4], "texture": "#0"},
				"down": {"uv": [12.16, 5.76, 12.8, 6.4], "texture": "#0"}
			}
		},
		{
			"from": [-4, 16, 0],
			"to": [-3, 17, 1],
			"faces": {
				"north": {"uv": [12.16, 5.12, 12.8, 5.76], "texture": "#0"},
				"east": {"uv": [12.16, 5.12, 12.8, 5.76], "texture": "#0"},
				"south": {"uv": [12.16, 5.12, 12.8, 5.76], "texture": "#0"},
				"west": {"uv": [12.16, 5.12, 12.8, 5.76], "texture": "#0"},
				"up": {"uv": [12.16, 5.12, 12.8, 5.76], "texture": "#0"},
				"down": {"uv": [12.16, 5.12, 12.8, 5.76], "texture": "#0"}
			}
		},
		{
			"from": [-4, 14, 0],
			"to": [-3, 15, 1],
			"faces": {
				"north": {"uv": [12.16, 6.4, 12.8, 7.04], "texture": "#0"},
				"east": {"uv": [12.16, 6.4, 12.8, 7.04], "texture": "#0"},
				"south": {"uv": [12.16, 6.4, 12.8, 7.04], "texture": "#0"},
				"west": {"uv": [12.16, 6.4, 12.8, 7.04], "texture": "#0"},
				"up": {"uv": [12.16, 6.4, 12.8, 7.04], "texture": "#0"},
				"down": {"uv": [12.16, 6.4, 12.8, 7.04], "texture": "#0"}
			}
		},
		{
			"from": [-5, 16, 0],
			"to": [-4, 17, 1],
			"faces": {
				"north": {"uv": [12.8, 5.12, 13.44, 5.76], "texture": "#0"},
				"east": {"uv": [12.8, 5.12, 13.44, 5.76], "texture": "#0"},
				"south": {"uv": [12.8, 5.12, 13.44, 5.76], "texture": "#0"},
				"west": {"uv": [12.8, 5.12, 13.44, 5.76], "texture": "#0"},
				"up": {"uv": [12.8, 5.12, 13.44, 5.76], "texture": "#0"},
				"down": {"uv": [12.8, 5.12, 13.44, 5.76], "texture": "#0"}
			}
		},
		{
			"from": [-6, 16, 0],
			"to": [-5, 17, 1],
			"faces": {
				"north": {"uv": [13.44, 5.12, 14.08, 5.76], "texture": "#0"},
				"east": {"uv": [13.44, 5.12, 14.08, 5.76], "texture": "#0"},
				"south": {"uv": [13.44, 5.12, 14.08, 5.76], "texture": "#0"},
				"west": {"uv": [13.44, 5.12, 14.08, 5.76], "texture": "#0"},
				"up": {"uv": [13.44, 5.12, 14.08, 5.76], "texture": "#0"},
				"down": {"uv": [13.44, 5.12, 14.08, 5.76], "texture": "#0"}
			}
		},
		{
			"from": [-7, 16, 0],
			"to": [-6, 17, 1],
			"faces": {
				"north": {"uv": [14.08, 5.12, 14.72, 5.76], "texture": "#0"},
				"east": {"uv": [14.08, 5.12, 14.72, 5.76], "texture": "#0"},
				"south": {"uv": [14.08, 5.12, 14.72, 5.76], "texture": "#0"},
				"west": {"uv": [14.08, 5.12, 14.72, 5.76], "texture": "#0"},
				"up": {"uv": [14.08, 5.12, 14.72, 5.76], "texture": "#0"},
				"down": {"uv": [14.08, 5.12, 14.72, 5.76], "texture": "#0"}
			}
		},
		{
			"from": [-6, 17, 0],
			"to": [-5, 18, 1],
			"faces": {
				"north": {"uv": [13.44, 4.48, 14.08, 5.12], "texture": "#0"},
				"east": {"uv": [13.44, 4.48, 14.08, 5.12], "texture": "#0"},
				"south": {"uv": [13.44, 4.48, 14.08, 5.12], "texture": "#0"},
				"west": {"uv": [13.44, 4.48, 14.08, 5.12], "texture": "#0"},
				"up": {"uv": [13.44, 4.48, 14.08, 5.12], "texture": "#0"},
				"down": {"uv": [13.44, 4.48, 14.08, 5.12], "texture": "#0"}
			}
		},
		{
			"from": [-7, 18, 0],
			"to": [-6, 19, 1],
			"faces": {
				"north": {"uv": [14.08, 3.84, 14.72, 4.48], "texture": "#0"},
				"east": {"uv": [14.08, 3.84, 14.72, 4.48], "texture": "#0"},
				"south": {"uv": [14.08, 3.84, 14.72, 4.48], "texture": "#0"},
				"west": {"uv": [14.08, 3.84, 14.72, 4.48], "texture": "#0"},
				"up": {"uv": [14.08, 3.84, 14.72, 4.48], "texture": "#0"},
				"down": {"uv": [14.08, 3.84, 14.72, 4.48], "texture": "#0"}
			}
		},
		{
			"from": [-7, 17, 0],
			"to": [-6, 18, 1],
			"faces": {
				"north": {"uv": [14.08, 4.48, 14.72, 5.12], "texture": "#0"},
				"east": {"uv": [14.08, 4.48, 14.72, 5.12], "texture": "#0"},
				"south": {"uv": [14.08, 4.48, 14.72, 5.12], "texture": "#0"},
				"west": {"uv": [14.08, 4.48, 14.72, 5.12], "texture": "#0"},
				"up": {"uv": [14.08, 4.48, 14.72, 5.12], "texture": "#0"},
				"down": {"uv": [14.08, 4.48, 14.72, 5.12], "texture": "#0"}
			}
		},
		{
			"from": [-6, 18, 0],
			"to": [-5, 19, 1],
			"faces": {
				"north": {"uv": [13.44, 3.84, 14.08, 4.48], "texture": "#0"},
				"east": {"uv": [13.44, 3.84, 14.08, 4.48], "texture": "#0"},
				"south": {"uv": [13.44, 3.84, 14.08, 4.48], "texture": "#0"},
				"west": {"uv": [13.44, 3.84, 14.08, 4.48], "texture": "#0"},
				"up": {"uv": [13.44, 3.84, 14.08, 4.48], "texture": "#0"},
				"down": {"uv": [13.44, 3.84, 14.08, 4.48], "texture": "#0"}
			}
		},
		{
			"from": [-8, 18, 0],
			"to": [-7, 19, 1],
			"faces": {
				"north": {"uv": [14.72, 3.84, 15.36, 4.48], "texture": "#0"},
				"east": {"uv": [14.72, 3.84, 15.36, 4.48], "texture": "#0"},
				"south": {"uv": [14.72, 3.84, 15.36, 4.48], "texture": "#0"},
				"west": {"uv": [14.72, 3.84, 15.36, 4.48], "texture": "#0"},
				"up": {"uv": [14.72, 3.84, 15.36, 4.48], "texture": "#0"},
				"down": {"uv": [14.72, 3.84, 15.36, 4.48], "texture": "#0"}
			}
		},
		{
			"from": [-8, 17, 0],
			"to": [-7, 18, 1],
			"faces": {
				"north": {"uv": [14.72, 4.48, 15.36, 5.12], "texture": "#0"},
				"east": {"uv": [14.72, 4.48, 15.36, 5.12], "texture": "#0"},
				"south": {"uv": [14.72, 4.48, 15.36, 5.12], "texture": "#0"},
				"west": {"uv": [14.72, 4.48, 15.36, 5.12], "texture": "#0"},
				"up": {"uv": [14.72, 4.48, 15.36, 5.12], "texture": "#0"},
				"down": {"uv": [14.72, 4.48, 15.36, 5.12], "texture": "#0"}
			}
		},
		{
			"from": [-8, 19, 0],
			"to": [-7, 20, 1],
			"faces": {
				"north": {"uv": [14.72, 3.2, 15.36, 3.84], "texture": "#0"},
				"east": {"uv": [14.72, 3.2, 15.36, 3.84], "texture": "#0"},
				"south": {"uv": [14.72, 3.2, 15.36, 3.84], "texture": "#0"},
				"west": {"uv": [14.72, 3.2, 15.36, 3.84], "texture": "#0"},
				"up": {"uv": [14.72, 3.2, 15.36, 3.84], "texture": "#0"},
				"down": {"uv": [14.72, 3.2, 15.36, 3.84], "texture": "#0"}
			}
		},
		{
			"from": [-7, 19, 0],
			"to": [-6, 20, 1],
			"faces": {
				"north": {"uv": [14.08, 3.2, 14.72, 3.84], "texture": "#0"},
				"east": {"uv": [14.08, 3.2, 14.72, 3.84], "texture": "#0"},
				"south": {"uv": [14.08, 3.2, 14.72, 3.84], "texture": "#0"},
				"west": {"uv": [14.08, 3.2, 14.72, 3.84], "texture": "#0"},
				"up": {"uv": [14.08, 3.2, 14.72, 3.84], "texture": "#0"},
				"down": {"uv": [14.08, 3.2, 14.72, 3.84], "texture": "#0"}
			}
		},
		{
			"from": [-5, 17, 0],
			"to": [-4, 18, 1],
			"faces": {
				"north": {"uv": [12.8, 4.48, 13.44, 5.12], "texture": "#0"},
				"east": {"uv": [12.8, 4.48, 13.44, 5.12], "texture": "#0"},
				"south": {"uv": [12.8, 4.48, 13.44, 5.12], "texture": "#0"},
				"west": {"uv": [12.8, 4.48, 13.44, 5.12], "texture": "#0"},
				"up": {"uv": [12.8, 4.48, 13.44, 5.12], "texture": "#0"},
				"down": {"uv": [12.8, 4.48, 13.44, 5.12], "texture": "#0"}
			}
		},
		{
			"from": [-5, 18, 0],
			"to": [-4, 19, 1],
			"faces": {
				"north": {"uv": [12.8, 3.84, 13.44, 4.48], "texture": "#0"},
				"east": {"uv": [12.8, 3.84, 13.44, 4.48], "texture": "#0"},
				"south": {"uv": [12.8, 3.84, 13.44, 4.48], "texture": "#0"},
				"west": {"uv": [12.8, 3.84, 13.44, 4.48], "texture": "#0"},
				"up": {"uv": [12.8, 3.84, 13.44, 4.48], "texture": "#0"},
				"down": {"uv": [12.8, 3.84, 13.44, 4.48], "texture": "#0"}
			}
		},
		{
			"from": [-5, 19, 0],
			"to": [-4, 20, 1],
			"faces": {
				"north": {"uv": [12.8, 3.2, 13.44, 3.84], "texture": "#0"},
				"east": {"uv": [12.8, 3.2, 13.44, 3.84], "texture": "#0"},
				"south": {"uv": [12.8, 3.2, 13.44, 3.84], "texture": "#0"},
				"west": {"uv": [12.8, 3.2, 13.44, 3.84], "texture": "#0"},
				"up": {"uv": [12.8, 3.2, 13.44, 3.84], "texture": "#0"},
				"down": {"uv": [12.8, 3.2, 13.44, 3.84], "texture": "#0"}
			}
		},
		{
			"from": [-6, 19, 0],
			"to": [-5, 20, 1],
			"faces": {
				"north": {"uv": [13.44, 3.2, 14.08, 3.84], "texture": "#0"},
				"east": {"uv": [13.44, 3.2, 14.08, 3.84], "texture": "#0"},
				"south": {"uv": [13.44, 3.2, 14.08, 3.84], "texture": "#0"},
				"west": {"uv": [13.44, 3.2, 14.08, 3.84], "texture": "#0"},
				"up": {"uv": [13.44, 3.2, 14.08, 3.84], "texture": "#0"},
				"down": {"uv": [13.44, 3.2, 14.08, 3.84], "texture": "#0"}
			}
		},
		{
			"from": [-4, 19, 0],
			"to": [-3, 20, 1],
			"faces": {
				"north": {"uv": [12.16, 3.2, 12.8, 3.84], "texture": "#0"},
				"east": {"uv": [12.16, 3.2, 12.8, 3.84], "texture": "#0"},
				"south": {"uv": [12.16, 3.2, 12.8, 3.84], "texture": "#0"},
				"west": {"uv": [12.16, 3.2, 12.8, 3.84], "texture": "#0"},
				"up": {"uv": [12.16, 3.2, 12.8, 3.84], "texture": "#0"},
				"down": {"uv": [12.16, 3.2, 12.8, 3.84], "texture": "#0"}
			}
		},
		{
			"from": [-4, 20, 0],
			"to": [-3, 21, 1],
			"faces": {
				"north": {"uv": [12.16, 2.56, 12.8, 3.2], "texture": "#0"},
				"east": {"uv": [12.16, 2.56, 12.8, 3.2], "texture": "#0"},
				"south": {"uv": [12.16, 2.56, 12.8, 3.2], "texture": "#0"},
				"west": {"uv": [12.16, 2.56, 12.8, 3.2], "texture": "#0"},
				"up": {"uv": [12.16, 2.56, 12.8, 3.2], "texture": "#0"},
				"down": {"uv": [12.16, 2.56, 12.8, 3.2], "texture": "#0"}
			}
		},
		{
			"from": [-5, 20, 0],
			"to": [-4, 21, 1],
			"faces": {
				"north": {"uv": [12.8, 2.56, 13.44, 3.2], "texture": "#0"},
				"east": {"uv": [12.8, 2.56, 13.44, 3.2], "texture": "#0"},
				"south": {"uv": [12.8, 2.56, 13.44, 3.2], "texture": "#0"},
				"west": {"uv": [12.8, 2.56, 13.44, 3.2], "texture": "#0"},
				"up": {"uv": [12.8, 2.56, 13.44, 3.2], "texture": "#0"},
				"down": {"uv": [12.8, 2.56, 13.44, 3.2], "texture": "#0"}
			}
		},
		{
			"from": [-6, 20, 0],
			"to": [-5, 21, 1],
			"faces": {
				"north": {"uv": [13.44, 2.56, 14.08, 3.2], "texture": "#0"},
				"east": {"uv": [13.44, 2.56, 14.08, 3.2], "texture": "#0"},
				"south": {"uv": [13.44, 2.56, 14.08, 3.2], "texture": "#0"},
				"west": {"uv": [13.44, 2.56, 14.08, 3.2], "texture": "#0"},
				"up": {"uv": [13.44, 2.56, 14.08, 3.2], "texture": "#0"},
				"down": {"uv": [13.44, 2.56, 14.08, 3.2], "texture": "#0"}
			}
		},
		{
			"from": [-3, 20, 0],
			"to": [-2, 21, 1],
			"faces": {
				"north": {"uv": [11.52, 2.56, 12.16, 3.2], "texture": "#0"},
				"east": {"uv": [11.52, 2.56, 12.16, 3.2], "texture": "#0"},
				"south": {"uv": [11.52, 2.56, 12.16, 3.2], "texture": "#0"},
				"west": {"uv": [11.52, 2.56, 12.16, 3.2], "texture": "#0"},
				"up": {"uv": [11.52, 2.56, 12.16, 3.2], "texture": "#0"},
				"down": {"uv": [11.52, 2.56, 12.16, 3.2], "texture": "#0"}
			}
		},
		{
			"from": [-3, 21, 0],
			"to": [-2, 22, 1],
			"faces": {
				"north": {"uv": [11.52, 1.92, 12.16, 2.56], "texture": "#0"},
				"east": {"uv": [11.52, 1.92, 12.16, 2.56], "texture": "#0"},
				"south": {"uv": [11.52, 1.92, 12.16, 2.56], "texture": "#0"},
				"west": {"uv": [11.52, 1.92, 12.16, 2.56], "texture": "#0"},
				"up": {"uv": [11.52, 1.92, 12.16, 2.56], "texture": "#0"},
				"down": {"uv": [11.52, 1.92, 12.16, 2.56], "texture": "#0"}
			}
		},
		{
			"from": [-4, 21, 0],
			"to": [-3, 22, 1],
			"faces": {
				"north": {"uv": [12.16, 1.92, 12.8, 2.56], "texture": "#0"},
				"east": {"uv": [12.16, 1.92, 12.8, 2.56], "texture": "#0"},
				"south": {"uv": [12.16, 1.92, 12.8, 2.56], "texture": "#0"},
				"west": {"uv": [12.16, 1.92, 12.8, 2.56], "texture": "#0"},
				"up": {"uv": [12.16, 1.92, 12.8, 2.56], "texture": "#0"},
				"down": {"uv": [12.16, 1.92, 12.8, 2.56], "texture": "#0"}
			}
		},
		{
			"from": [-2, 21, 0],
			"to": [-1, 22, 1],
			"faces": {
				"north": {"uv": [10.88, 1.92, 11.52, 2.56], "texture": "#0"},
				"east": {"uv": [10.88, 1.92, 11.52, 2.56], "texture": "#0"},
				"south": {"uv": [10.88, 1.92, 11.52, 2.56], "texture": "#0"},
				"west": {"uv": [10.88, 1.92, 11.52, 2.56], "texture": "#0"},
				"up": {"uv": [10.88, 1.92, 11.52, 2.56], "texture": "#0"},
				"down": {"uv": [10.88, 1.92, 11.52, 2.56], "texture": "#0"}
			}
		},
		{
			"from": [-2, 22, 0],
			"to": [-1, 23, 1],
			"faces": {
				"north": {"uv": [10.88, 1.28, 11.52, 1.92], "texture": "#0"},
				"east": {"uv": [10.88, 1.28, 11.52, 1.92], "texture": "#0"},
				"south": {"uv": [10.88, 1.28, 11.52, 1.92], "texture": "#0"},
				"west": {"uv": [10.88, 1.28, 11.52, 1.92], "texture": "#0"},
				"up": {"uv": [10.88, 1.28, 11.52, 1.92], "texture": "#0"},
				"down": {"uv": [10.88, 1.28, 11.52, 1.92], "texture": "#0"}
			}
		},
		{
			"from": [-3, 22, 0],
			"to": [-2, 23, 1],
			"faces": {
				"north": {"uv": [11.52, 1.28, 12.16, 1.92], "texture": "#0"},
				"east": {"uv": [11.52, 1.28, 12.16, 1.92], "texture": "#0"},
				"south": {"uv": [11.52, 1.28, 12.16, 1.92], "texture": "#0"},
				"west": {"uv": [11.52, 1.28, 12.16, 1.92], "texture": "#0"},
				"up": {"uv": [11.52, 1.28, 12.16, 1.92], "texture": "#0"},
				"down": {"uv": [11.52, 1.28, 12.16, 1.92], "texture": "#0"}
			}
		},
		{
			"from": [-1, 22, 0],
			"to": [0, 23, 1],
			"faces": {
				"north": {"uv": [10.24, 1.28, 10.88, 1.92], "texture": "#0"},
				"east": {"uv": [10.24, 1.28, 10.88, 1.92], "texture": "#0"},
				"south": {"uv": [10.24, 1.28, 10.88, 1.92], "texture": "#0"},
				"west": {"uv": [10.24, 1.28, 10.88, 1.92], "texture": "#0"},
				"up": {"uv": [10.24, 1.28, 10.88, 1.92], "texture": "#0"},
				"down": {"uv": [10.24, 1.28, 10.88, 1.92], "texture": "#0"}
			}
		},
		{
			"from": [-1, 23, 0],
			"to": [0, 24, 1],
			"faces": {
				"north": {"uv": [10.24, 0.64, 10.88, 1.28], "texture": "#0"},
				"east": {"uv": [10.24, 0.64, 10.88, 1.28], "texture": "#0"},
				"south": {"uv": [10.24, 0.64, 10.88, 1.28], "texture": "#0"},
				"west": {"uv": [10.24, 0.64, 10.88, 1.28], "texture": "#0"},
				"up": {"uv": [10.24, 0.64, 10.88, 1.28], "texture": "#0"},
				"down": {"uv": [10.24, 0.64, 10.88, 1.28], "texture": "#0"}
			}
		},
		{
			"from": [0, 23, 0],
			"to": [1, 24, 1],
			"faces": {
				"north": {"uv": [9.6, 0.64, 10.24, 1.28], "texture": "#0"},
				"east": {"uv": [9.6, 0.64, 10.24, 1.28], "texture": "#0"},
				"south": {"uv": [9.6, 0.64, 10.24, 1.28], "texture": "#0"},
				"west": {"uv": [9.6, 0.64, 10.24, 1.28], "texture": "#0"},
				"up": {"uv": [9.6, 0.64, 10.24, 1.28], "texture": "#0"},
				"down": {"uv": [9.6, 0.64, 10.24, 1.28], "texture": "#0"}
			}
		},
		{
			"from": [0, 22, 0],
			"to": [1, 23, 1],
			"faces": {
				"north": {"uv": [9.6, 1.28, 10.24, 1.92], "texture": "#0"},
				"east": {"uv": [9.6, 1.28, 10.24, 1.92], "texture": "#0"},
				"south": {"uv": [9.6, 1.28, 10.24, 1.92], "texture": "#0"},
				"west": {"uv": [9.6, 1.28, 10.24, 1.92], "texture": "#0"},
				"up": {"uv": [9.6, 1.28, 10.24, 1.92], "texture": "#0"},
				"down": {"uv": [9.6, 1.28, 10.24, 1.92], "texture": "#0"}
			}
		},
		{
			"from": [1, 23, 0],
			"to": [2, 24, 1],
			"faces": {
				"north": {"uv": [8.96, 0.64, 9.6, 1.28], "texture": "#0"},
				"east": {"uv": [8.96, 0.64, 9.6, 1.28], "texture": "#0"},
				"south": {"uv": [8.96, 0.64, 9.6, 1.28], "texture": "#0"},
				"west": {"uv": [8.96, 0.64, 9.6, 1.28], "texture": "#0"},
				"up": {"uv": [8.96, 0.64, 9.6, 1.28], "texture": "#0"},
				"down": {"uv": [8.96, 0.64, 9.6, 1.28], "texture": "#0"}
			}
		},
		{
			"from": [1, 24, 0],
			"to": [2, 25, 1],
			"faces": {
				"north": {"uv": [8.96, 0, 9.6, 0.64], "texture": "#0"},
				"east": {"uv": [8.96, 0, 9.6, 0.64], "texture": "#0"},
				"south": {"uv": [8.96, 0, 9.6, 0.64], "texture": "#0"},
				"west": {"uv": [8.96, 0, 9.6, 0.64], "texture": "#0"},
				"up": {"uv": [8.96, 0, 9.6, 0.64], "texture": "#0"},
				"down": {"uv": [8.96, 0, 9.6, 0.64], "texture": "#0"}
			}
		},
		{
			"from": [2, 24, 0],
			"to": [3, 25, 1],
			"faces": {
				"north": {"uv": [8.32, 0, 8.96, 0.64], "texture": "#0"},
				"east": {"uv": [8.32, 0, 8.96, 0.64], "texture": "#0"},
				"south": {"uv": [8.32, 0, 8.96, 0.64], "texture": "#0"},
				"west": {"uv": [8.32, 0, 8.96, 0.64], "texture": "#0"},
				"up": {"uv": [8.32, 0, 8.96, 0.64], "texture": "#0"},
				"down": {"uv": [8.32, 0, 8.96, 0.64], "texture": "#0"}
			}
		},
		{
			"from": [2, 23, 0],
			"to": [3, 24, 1],
			"faces": {
				"north": {"uv": [8.32, 0.64, 8.96, 1.28], "texture": "#0"},
				"east": {"uv": [8.32, 0.64, 8.96, 1.28], "texture": "#0"},
				"south": {"uv": [8.32, 0.64, 8.96, 1.28], "texture": "#0"},
				"west": {"uv": [8.32, 0.64, 8.96, 1.28], "texture": "#0"},
				"up": {"uv": [8.32, 0.64, 8.96, 1.28], "texture": "#0"},
				"down": {"uv": [8.32, 0.64, 8.96, 1.28], "texture": "#0"}
			}
		},
		{
			"from": [3, 24, 0],
			"to": [4, 25, 1],
			"faces": {
				"north": {"uv": [7.68, 0, 8.32, 0.64], "texture": "#0"},
				"east": {"uv": [7.68, 0, 8.32, 0.64], "texture": "#0"},
				"south": {"uv": [7.68, 0, 8.32, 0.64], "texture": "#0"},
				"west": {"uv": [7.68, 0, 8.32, 0.64], "texture": "#0"},
				"up": {"uv": [7.68, 0, 8.32, 0.64], "texture": "#0"},
				"down": {"uv": [7.68, 0, 8.32, 0.64], "texture": "#0"}
			}
		},
		{
			"from": [3, 23, 0],
			"to": [4, 24, 1],
			"faces": {
				"north": {"uv": [7.68, 0.64, 8.32, 1.28], "texture": "#0"},
				"east": {"uv": [7.68, 0.64, 8.32, 1.28], "texture": "#0"},
				"south": {"uv": [7.68, 0.64, 8.32, 1.28], "texture": "#0"},
				"west": {"uv": [7.68, 0.64, 8.32, 1.28], "texture": "#0"},
				"up": {"uv": [7.68, 0.64, 8.32, 1.28], "texture": "#0"},
				"down": {"uv": [7.68, 0.64, 8.32, 1.28], "texture": "#0"}
			}
		},
		{
			"from": [5, 23, 0],
			"to": [6, 24, 1],
			"faces": {
				"north": {"uv": [6.4, 0.64, 7.04, 1.28], "texture": "#0"},
				"east": {"uv": [6.4, 0.64, 7.04, 1.28], "texture": "#0"},
				"south": {"uv": [6.4, 0.64, 7.04, 1.28], "texture": "#0"},
				"west": {"uv": [6.4, 0.64, 7.04, 1.28], "texture": "#0"},
				"up": {"uv": [6.4, 0.64, 7.04, 1.28], "texture": "#0"},
				"down": {"uv": [6.4, 0.64, 7.04, 1.28], "texture": "#0"}
			}
		},
		{
			"from": [6, 23, 0],
			"to": [7, 24, 1],
			"faces": {
				"north": {"uv": [5.76, 0.64, 6.4, 1.28], "texture": "#0"},
				"east": {"uv": [5.76, 0.64, 6.4, 1.28], "texture": "#0"},
				"south": {"uv": [5.76, 0.64, 6.4, 1.28], "texture": "#0"},
				"west": {"uv": [5.76, 0.64, 6.4, 1.28], "texture": "#0"},
				"up": {"uv": [5.76, 0.64, 6.4, 1.28], "texture": "#0"},
				"down": {"uv": [5.76, 0.64, 6.4, 1.28], "texture": "#0"}
			}
		},
		{
			"from": [7, 23, 0],
			"to": [8, 24, 1],
			"faces": {
				"north": {"uv": [5.12, 0.64, 5.76, 1.28], "texture": "#0"},
				"east": {"uv": [5.12, 0.64, 5.76, 1.28], "texture": "#0"},
				"south": {"uv": [5.12, 0.64, 5.76, 1.28], "texture": "#0"},
				"west": {"uv": [5.12, 0.64, 5.76, 1.28], "texture": "#0"},
				"up": {"uv": [5.12, 0.64, 5.76, 1.28], "texture": "#0"},
				"down": {"uv": [5.12, 0.64, 5.76, 1.28], "texture": "#0"}
			}
		},
		{
			"from": [5, 24, 0],
			"to": [6, 25, 1],
			"faces": {
				"north": {"uv": [6.4, 0, 7.04, 0.64], "texture": "#0"},
				"east": {"uv": [6.4, 0, 7.04, 0.64], "texture": "#0"},
				"south": {"uv": [6.4, 0, 7.04, 0.64], "texture": "#0"},
				"west": {"uv": [6.4, 0, 7.04, 0.64], "texture": "#0"},
				"up": {"uv": [6.4, 0, 7.04, 0.64], "texture": "#0"},
				"down": {"uv": [6.4, 0, 7.04, 0.64], "texture": "#0"}
			}
		},
		{
			"from": [4, 24, 0],
			"to": [5, 25, 1],
			"faces": {
				"north": {"uv": [7.04, 0, 7.68, 0.64], "texture": "#0"},
				"east": {"uv": [7.04, 0, 7.68, 0.64], "texture": "#0"},
				"south": {"uv": [7.04, 0, 7.68, 0.64], "texture": "#0"},
				"west": {"uv": [7.04, 0, 7.68, 0.64], "texture": "#0"},
				"up": {"uv": [7.04, 0, 7.68, 0.64], "texture": "#0"},
				"down": {"uv": [7.04, 0, 7.68, 0.64], "texture": "#0"}
			}
		},
		{
			"from": [4, 23, 0],
			"to": [5, 24, 1],
			"faces": {
				"north": {"uv": [7.04, 0.64, 7.68, 1.28], "texture": "#0"},
				"east": {"uv": [7.04, 0.64, 7.68, 1.28], "texture": "#0"},
				"south": {"uv": [7.04, 0.64, 7.68, 1.28], "texture": "#0"},
				"west": {"uv": [7.04, 0.64, 7.68, 1.28], "texture": "#0"},
				"up": {"uv": [7.04, 0.64, 7.68, 1.28], "texture": "#0"},
				"down": {"uv": [7.04, 0.64, 7.68, 1.28], "texture": "#0"}
			}
		},
		{
			"from": [1, 22, 0],
			"to": [2, 23, 1],
			"faces": {
				"north": {"uv": [8.96, 1.28, 9.6, 1.92], "texture": "#0"},
				"east": {"uv": [8.96, 1.28, 9.6, 1.92], "texture": "#0"},
				"south": {"uv": [8.96, 1.28, 9.6, 1.92], "texture": "#0"},
				"west": {"uv": [8.96, 1.28, 9.6, 1.92], "texture": "#0"},
				"up": {"uv": [8.96, 1.28, 9.6, 1.92], "texture": "#0"},
				"down": {"uv": [8.96, 1.28, 9.6, 1.92], "texture": "#0"}
			}
		},
		{
			"from": [-2, 23, 0],
			"to": [-1, 24, 1],
			"faces": {
				"north": {"uv": [10.88, 0.64, 11.52, 1.28], "texture": "#0"},
				"east": {"uv": [10.88, 0.64, 11.52, 1.28], "texture": "#0"},
				"south": {"uv": [10.88, 0.64, 11.52, 1.28], "texture": "#0"},
				"west": {"uv": [10.88, 0.64, 11.52, 1.28], "texture": "#0"},
				"up": {"uv": [10.88, 0.64, 11.52, 1.28], "texture": "#0"},
				"down": {"uv": [10.88, 0.64, 11.52, 1.28], "texture": "#0"}
			}
		},
		{
			"from": [-5, 21, 0],
			"to": [-4, 22, 1],
			"faces": {
				"north": {"uv": [12.8, 1.92, 13.44, 2.56], "texture": "#0"},
				"east": {"uv": [12.8, 1.92, 13.44, 2.56], "texture": "#0"},
				"south": {"uv": [12.8, 1.92, 13.44, 2.56], "texture": "#0"},
				"west": {"uv": [12.8, 1.92, 13.44, 2.56], "texture": "#0"},
				"up": {"uv": [12.8, 1.92, 13.44, 2.56], "texture": "#0"},
				"down": {"uv": [12.8, 1.92, 13.44, 2.56], "texture": "#0"}
			}
		},
		{
			"from": [-5, 15, 0],
			"to": [-4, 16, 1],
			"faces": {
				"north": {"uv": [12.8, 5.76, 13.44, 6.4], "texture": "#0"},
				"east": {"uv": [12.8, 5.76, 13.44, 6.4], "texture": "#0"},
				"south": {"uv": [12.8, 5.76, 13.44, 6.4], "texture": "#0"},
				"west": {"uv": [12.8, 5.76, 13.44, 6.4], "texture": "#0"},
				"up": {"uv": [12.8, 5.76, 13.44, 6.4], "texture": "#0"},
				"down": {"uv": [12.8, 5.76, 13.44, 6.4], "texture": "#0"}
			}
		}
	],
	"gui_light": "front",
	"display": {
		"thirdperson_righthand": {
			"rotation": [-25.5, 90, 0],
			"translation": [7.25, -1.25, 0.25]
		},
		"thirdperson_lefthand": {
			"rotation": [-25.5, -90, 0],
			"translation": [-7.25, -1.25, 0.25]
		},
		"firstperson_righthand": {
			"rotation": [-66, 90, 0],
			"translation": [5.75, -4.5, 2.75],
			"scale": [0.84, 0.84, 0.84]
		},
		"firstperson_lefthand": {
			"rotation": [-66, -90, 0],
			"translation": [-5.5, -4.5, 2.75],
			"scale": [0.84, 0.84, 0.84]
		},
		"ground": {
			"rotation": [90, 0, 0],
			"translation": [3.25, -11.75, -6.25],
			"scale": [1.19727, 1.19727, 1.19727]
		},
		"gui": {
			"translation": [2.75, -2.75, 0],
			"scale": [0.59961, 0.59961, 0.59961]
		},
		"head": {
			"rotation": [0, 0, -91.75],
			"translation": [-2.75, -23.5, 16],
			"scale": [1.58984, 1.58984, 1.58984]
		}
	}
}