{
  "_fv": 34,
  "_type": "rangeditem",
  "definition": {
    "renderType": 1,
    "texture": "elderbow",
    "customModelName": "edler_bow:default",
    "name": "Edler Bow",
    "specialInfo": [
      "§aRare",
      "§ePowerful bow.",
      "§7Power §b||||§8||||||",
      "§7Knockback §b||§8||||||||"
    ],
    "creativeTab": {
      "value": "COMBAT"
    },
    "stackSize": 1,
    "ammoItem": {
      "value": "Items.ARROW"
    },
    "shootConstantly": false,
    "usageCount": 0,
    "actionSound": {
      "value": "entity.arrow.shoot"
    },
    "hasGlow": false,
    "animation": "bow",
    "enableMeleeDamage": false,
    "damageVsEntity": 0.0,
    "bulletPower": 1.5,
    "bulletDamage": 6.0,
    "bulletKnockback": 2,
    "bulletParticles": true,
    "bulletIgnitesFire": false,
    "bulletItemTexture": {
      "value": "Items.ARROW"
    },
    "bulletModel": "Modelcustom_model",
    "customBulletModelTexture": "arrow.png"
  }
}