{
  "type": "minecraft:crafting_shaped",
  "pattern": [
    "0 2",
    "345",
    "6 8"
  ],
  "key": {
    "0": {
      "item": "minecraft:iron_ingot"
    },
    "2": {
      "item": "minecraft:iron_ingot"
    },
    "3": {
      "item": "minecraft:leather"
    },
    "4": {
      "item": "minecraft:leather"
    },
    "5": {
      "item": "minecraft:leather"
    },
    "6": {
      "item": "minecraft:iron_ingot"
    },
    "8": {
      "item": "minecraft:iron_ingot"
    }
  },
  "result": {
    "item": "minecraft:iron_ingot",
    "count": 1
  }
}